chinese_text,attitude,isLongText
中秋福利哈，老爷子支持的转账已就位哈哈关注我的真爱转这条抽一个宝贝送新款5g华为mate30@微博抽奖平台 什么时候可以买第一时间开搜了一下官方还没出图，所以就私心放个我【占星妖妖】的小广子，大家点点关注不迷路！🌟 ,1,0
远行随拍，博友假日快乐别说追最新的Mate30系列，iPhone11系列拍照水准就连P30系列都追不上。苹果发布了个刚上市就落后别人一代的产品，反制华为只能靠封杀了。如果没有各种禁售，Mate30系列在全球影像手机市场会把iPhone新机摁在地上随意摩擦。 ,1,0
疑似华为mate30 pro真机上手打游戏…小刘海，瀑布屏。真真假假，假假真真。 ,0,0
疑似华为Mate30 保护壳曝光，或采用5倍光变的潜望式镜头。 ,1,0
这个是华为Mate30 PRO吗？想翻过来看正面是不是瀑布屏。 ,0,0
好纠结到底是继续买苹果手机还是华为呢，是买P30Pro还是买Mate30呢 ,0,0
疑似华为Mate30手机壳曝光，下面正方形那个镜头是啥作用？ ,0,0
华为MATE30保护壳？？？？ 天津 ,0,0
华为Mate30保护壳曝光，感觉好丑啊 ,-1,0
你们说今年的Mate30系列手机会是多少呢？标准版我猜测8+128  4199起步，Pro版8+128  5999起步 另外，很有可能这次Pro版标配5G，你们说呢？ ,0,0
华为Mate30应该不会长酱紫的，律师函。。。@长安数码君 ,1,0
疑似华为Mate30保护壳曝光，莫非Mate30也采用支持5倍光变的潜望式镜头？ ,1,0
保护套信息显示，华为Mate30 Pro支持潜望式5倍光学变焦！ ,1,0
今年的华为Mate30系列没有想象中的那么贵，买了华为Mate20X 5G版手机的用户可能就。。。 ,-1,0
疑似华为Mate30保护壳曝光，感觉假的有点过分，这都五个摄像头了 ,1,0
Mate30的后盖曝光，小正方形的开孔，潜望式长焦应该实锤了 ,1,0
vivo NEX 3真机照，可以预订2019颜值最高的手机了吧，三星Galaxy Note 10有挖孔，华为Mate30有刘海，都没有vivo NEX 3的整机感好看。 ,-1,0
华为mate30的手机壳 不知道有没有tof镜头 ,0,0
华为mate30背部设计不可能这样，不然就扣@长安数码君 的榨菜。 ,0,0
早安，没有买iPhone11的请注意⚠️，距离vivo NEX3 5G版发布还有1天；距离华为Mate30 Pro发布还有4天；距离小米MIX4发布还有9天… ,1,0
华为mate30上市后，p30pro会降价吗？好想现在就换新手机哦 ,1,0
浴霸家族大聚会：华为 Mate30、vivo NEX 3、Motorola One Zoom、iPhone 11 Pro、一加 7T Pro，你们觉得那款更好看呢？？ ,0,0
累了，iphone11和华为mate30我是真的每天都在纠结，sa了我吧。我的小破6s还能坚持一年吗，等明年苹果5g出来。 ,-1,0
华为Mate30mate30是真的丑，不过比起隔壁iPhone11刚发布就落后华为一代的样子，含泪买了吧 北京 · 五道口 ,1,0
又是壳厂曝光，这次曝光的是今年下半年的华为旗舰华为Mate30系列的背面设计，这下实锤了奥利奥设计了，只不过这个闪光灯真的感觉像是美人脸上多个痣，你觉得那？ ,-1,0
华为WatchGT2即将于9月19日慕尼黑和华为 Mate30 一起发布！据爆料：华为WatchGT  2手表将采用麒麟A1芯片，而且是第一款采用华为鸿蒙 OS的手表。 ,1,0
华为mate30保护壳曝光，惊呆的圆鼻子二郎神 ,0,0
前魅族李楠谈iPhone11，7P可以考虑更换11，iPhone12之前出来的所有5Ｇ手机都是小白鼠，不要听手机厂商忽悠。（是否是李楠本人无从考证）其实我个人觉得李楠说的没错，现在很多5Ｇ手机都是披着羊皮的4Ｇ，玩的是噱头不是真5Ｇ。月中发布的华为mate30很有可能是真5Ｇ但要看真机。（和模组芯片有关）至于其它5G手机买的很有可能是个心理安慰，即使强如三星旗舰机也并非全模组5Ｇ。一点粗见，欢迎讨论指正。,-1,1
三星Note10+、华为Mate30 Pro、iPhone 11 Max，下半年高端手机市场三巨头，就设计而言，你最看好哪一款？ ,0,0
Mate 30 Pro 保护壳显示其支持潜望式摄像头华为Mate30 ,1,0
"有朋友友问我iPhone11和华为mate30,二者相比我会选谁，如果是现在的华为产品，我肯定选iPhone11系列。如果和Mate30 Pro相比，我有可能选华为Mate30 Pro。我对华为的态度不像一些人，认为买华为就是爱国。不知道谁在营销买华为=爱国。我爱国，但是不爱华为，如果华为有好产品，我也一样会买。[吃瓜] ​ ",1,1
mate30手机壳曝光，将搭载潜望式变焦镜头，不过这个摄像头还有sensor排列是真心丑，你们觉得呢？ ,-1,0
如今还在谈论苹果iPhone11和华为mate30，貌似追时尚，实际早落伍了。手机早发展到顶点，性能过剩如图以前的电脑，买啥手机都好用了。 ,0,0
华为5G手机Mate30华为P30拍月亮大赛 我的华为mate20pro拍的月亮也不错 温州 ,1,0
《华为Mate30将至：旧设计就留给苹果，我们聊聊技术与创新》前些天，回忆着早已被曝光得一干二净的参数，带着不太期待的心情，作为数码爱好者本人就像例行公事一样将苹果发布会看完。网页链接 ,0,0
本来是想去苹果店看看iPhone 11的，结果店里也是20号开始上货😂😂😂简直了。不过旁边的vivo居然已经有了nex3，说是工厂拿出来的、不让拍照。太帅了这手机，真希望苹果也能用这样的ID。而且哈，如果mate30真是谍照那样的，感觉和nex撞机了啊。而且nex3还没有兔牙刘海。[并不简单][并不简单][并不简单],-1,1
紧随华为Mate30系列而来，搭载麒麟A1芯片的华为Watch GT2将于19日发布 Ark咔嚓一下的微博视频 ,1,0
苹果首次对比华为苹果新品iphone11没有5G，而华为5G手机Mate30即将上市，苹果5G要等一年，华为只要一周，如果您想换手机，打算入手哪款手机？ 巍岳钦禹的微博投票 ,1,0
iPhone发布后旧款出问题 康康mate30出来之前华为能买多少热搜 ,1,0
还好一个都没 三天假期只有明天一天可以休息，但愿天气晴朗，让我也能在晚上赏赏月亮，赶紧炫炫P30 PRO 50倍混合变焦。因为不久，我可能就要换MATE30了,1,0
iPhone11那么丑，配置那么差，还没有5g，还有那么多人想买。实际等一周买华为mate30 pro，或者过一两月买华为折叠屏手机都比苹果好 ,1,0
华为Mate30华为智慧屏荣耀智慧屏 我去，我去，华为智慧屏，意外泄露，这应该是随mate30新品发布一起的，可见尺寸 65寸  ,1,0
华为mate30超话mate30超话距离mate30 发布还有5天，POWER THROUGH SPEED力量穿越速度，Rethink Possibilities，2019年9月19日北京时间20:00，德国·慕尼黑，华为Mate30 全球发布会。@华为手机 @隐形冠军 @花粉俱乐部 @特快评测 @华为终端公司 @华为终端官方微博 ,1,0
这就是远超IPhone11的华为Mate30和麒麟990来了！ 控制者Ctr的微博视频 ,1,0
华为Mate30系列，最新麒麟990 5g soc芯片跑分性能曝光！！！期待下 ,1,0
《Mate30 Pro配置消息汇总，将问鼎安卓机皇宝座，售价或超过8000元》华为在今年开了多场发布会，但多是中高端机型，华为的高端手机还要看p系列和mate系列。网页链接 ,1,0
华为Mate30系列发布倒计时：还剩5天。感觉这个动图又能用好久了，只是图中的锤子手机没了。 ,0,0
华为mate30纵观全世界，也没发现有哪个手机厂商把自己旗舰系列，首发发布会，在别的国家发布（除了华为）。说是全球化，无非就是想让人感觉在国外发布，逼格会更高而已。 ,-1,0
华为mate30 pro SE崭崭新  中秋节 ,1,0
如果苹果的旗舰机与国产的旗舰机差价在1000元以内，你会选择谁呢？比如说iphone11 和华为Mate30 ，当然，我不选，因为都买不起。 ,0,0
真服我电话了。sb说给我打的第一个电话永远暂时无法接通 什么垃圾手机 明天早上给我换成p30pro。等mate30出来了再换mate…  🍎最近信号超级差 打语音电话天天信号不好 还超级卡 问了朋友们都有同感…5g已经来临 苹果拜拜 ,1,0
重磅来袭？华为Mate30 pro最新爆料！！根据爆料来看，华为Mate30pro的ISO最低125，最高819200光圈支持f1.6/2.7/32（或许是可变）主摄IMX670（有点太强了）…………如果这是真的，那肯定会在DXO排行榜上又登顶了，你觉得可信度高吗？华为Mate30 ,1,0
华为数码 华为Mate20开始，就有反向充电这一说，而且华为手机可以给苹果手机充电。这个牛逼了。最近华为Mate30快要发布了，各种新闻层出不穷。而且五花八门。我就不一样了。如果华为Mate30摄像头长这样，关注我并艾特一位好友，我就抽一位粉丝送我一部华为Mate30 Pro手机。五月数码科技 ,1,0
@哥斯达黎加女高中生 2/2超完美！这次剧场小就用不到 p30pro的望远镜功能了，mate20x稳稳得。mate30就差了几天就有了，没能用到有点小遗憾@华为手机 希望mate30p 5G追星继续天下无敌,1,0
华为mate30系列，预热视频，评论区直接被成精的粉丝解析 ,0,0
华为5G手机Mate30华为P30拍月亮大赛 我想象中的P30. PRO拍月亮 VS 我现实中拍的月亮…… 是我打开方式不对吗 ,-1,0
近日消息：小米MIX4在9月24日发布，抢在了华为Mate30国内发布会前！这是截胡华为吗？ ,0,0
华为5G手机Mate30 手机壳曝光，原来奥利奥四射长这个样子，意不意外，惊不惊喜！@华为终端公司 @华为手机 华为华为手机华为Mate30 ,1,0
我觉得华为作为一个良心企业至少要有社会责任，不能说专利都是自己的，比人家用高通专利的手机价格还要贵，比如IQOO 5G才卖3788.我觉得MATE30既然被制裁了，就应该以生存为目的，不要以盈利为目的，卖3000起就算良心企业。对得起人民了@余承东,-1,0
当iphone11 发布后，东哥心里一定在说:稳了！ 华为Mate30 泉州 ,1,0
9.19华为mate30发布，9.20零点预售，同时iphone11也全面售卖。我要好好考虑一波，抢iphone11小紫应该早上就去买要稳妥点，就这个骚紫太[给力]iphone11pro系列的暗夜绿也超赞，但肯定买不起[允悲]晚上看了会农行里面的绿森商城还是算了吧，耗不起时间。买📱就是要玩首发，等个一段时间各大平台都会降价。,1,1
华为 iPhone11低价上市，Mate30即将推出，华为Mate20 Pro跌至清仓价iPhone11低价上市，Mate30即将推出，华为Mate20 Pro跌至清仓价 ,1,0
华为5G手机Mate30快发布吧我的小米真的撑不住了_(:3」∠❀)_只要不丑我就愿意买 充一早上电就充进去30%谁受得了啊都不敢出门了_(:3」∠❀)_ ,1,0
华为mate30包装盒和真机图又被神通广大的网友曝光了，华为Mate 30的屏幕与P20系列类似，同为小刘海屏，而且这次的刘海外形，有网友戏称此次新机的屏幕为“兔牙”屏。据悉，此次曝光的华为Mate 30新机外包装与之前产品类似，底色为黑色，Logo字样则是采用了金色。有消息称，华为Mate 30旗舰新机将采用瀑布刘海屏，屏幕两侧将具备极大的弯曲幅度，整体屏占比在视觉上也会有所提升。9月19日发布，唯一让网友担心的就是价格，因为这次的价格太贵了，尤其是5g版，已经高过了三星note10，8000多的价格直逼iPhone11Pro，你会不会买华为mate30的5g版呢？数码手机华为华为手机华为Mate30,1,1
许愿iphone11 pro和华为mate30 pro 阳江 ,1,0
眼看9月19号发布会，Mate20越用速度越快，让我怎么舍得换Mate30? ,0,0
什么华为P30 Pro拍月亮、华为Mate30 Pro拍月亮、小米9拍月亮的，都给iPhone 11 Pro Max让道 ,-1,0
不知道这是不是华为Mate30 但一定不是Mate30 Pro 后者的闪光灯就是左上角开孔那里，并不是摄像模组居中那里。行长的每日一乐 ,0,0
D45 十六月最圆 期待mate30 沈阳 ,1,0
假的吧！如果华为Mate30摄像头长这样，我就抽一位粉丝送我一部华为Mate30保时捷版！ ,1,0
哈哈 不关注数码一直用华为的朋友都知道项老师了他上次不是被我忽悠买了一加7 Pro嘛觉得既不稳定又很难用  说老是要重启不知道他怎么用的…但华为就不会… 神奇就等着Mate30 Pro出来换回去了 哈哈哈哈 ,1,0
一触即发的能量，让自由尽情释放9月19日 华为Mate30 Rethink possibilities 珠海 So-boy的微博视频 ,1,0
【叽歪数码】苹果在发布会上直接点名了华为之后，让很多网友开始兴奋了起来。因为这是首次苹果将华为手机作为 华为Mate30 Pro将于9月19日发布，价格依旧感人，网友：买不起！ 网页链接 ,1,0
麒麟990系列已经正式发布，首款搭载这颗Soc的机型将会华为的Mate30系列，不过今年麒麟990和以往不同，总共分为两个版本，分为990标准版（4G），和990 5G两个，前者和980一样采用7nm工艺，后者则是最新的7nm+ EUV工艺，并且集成了5G基带。 ,1,0
这手机夜拍根本就不行想换mate30 镇江·西津渡古街 ,1,0
【快码住这份“团圆险”🎁】团圆时刻，与家人共享温暖[憧憬][憧憬]奥普浴霸取暖超快，替你照顾家人！[酷]转发+带话题从宫里吹出来的国潮暖风聊聊你眼中的奥普浴霸，@三个好友，9.25抽1名粉丝送份团圆险（华为mate30 & 宫系列浴霸）[鼓掌][鼓掌]用浴霸手机拍浴霸，把“广寒宫”都吹暖和的奥普宫系列浴霸！[太阳][太阳],1,1
我尽力了，迫切需要一台p30或者mate30 ,1,0
华为接下来发布的年度旗舰mate30 pro起售应该和iphone 11差不多，但是mate30 pro有更好的相机、更优秀的续航以及更大的内存，同时还有华为方舟编译和麒麟990加持，还有5G…你说这个时候还买iphone是不是傻？设计还那么难看，不要拿ios来说事，鸿蒙os这个大杀器还没放出来了呢。 ,1,0
网友吐槽：①小米MIX4 5G惊现某平台预约②小米MIX4拥有亿级像素镜头+超广角+潜望镜头③雷军给出的密码你猜到了吗？是9月24日还是十月。。。9月19日华为将发布拥有全球首款集成5G旗舰芯片麒麟990的Mate30系列，到时候你是选择小米还是华为5G手机？爆个机事吧超话 ,0,0
如果mate30 pro长这样的话 我🉑还是无法忍受X内存不够用 ,1,0
回复@转w身z寻y你://@转w身z寻y你:期待一下九月十九日的mate30吧哈哈//@牛春宝:夜景拍摄，华为反超苹果。而最新发布的苹果11意在反超华为,1,0
9·19德国🇩🇪慕尼黑，不见不散❤️华为华为Mate30@华为手机 @华为终端官方微博 哈尔滨·哈尔滨太平国际机场 ,1,0
科技 疑似Mate30 MIX4真机照曝光，是你们期待的安卓旗舰吗 科技带你走进生活的微博视频 ,1,0
iPhone发布后旧款出问题华为mate30手机9月19日首发 华为与苹果的新机之争，在舆论造势中，华为明显更胜一筹。国机华为的营销能力确实强悍 ,1,0
这张图从@余承东  的微博扒来的，据说是华为 Mate30 拍的的样张 ,1,0
这手机为啥还不卡，冒充mate30这么长时间了，真的mate30都要出来了它还没卡，让我怎么买真的。 ,1,0
华为数码 《华为Mate20、P30和iPhone 11，都是5000+了，你会怎么选？等Mate30》 五月数码科技  华为Mate20、P30和iPhone 11，都是5000+了，你会怎么选？等Mate30 ,1,0
问一个问题，华为Mate30 Pro支持的5G、小米MIX4的1.08亿像素、iPhone11的A13处理器、OPPO Reno Ace的65W超级快充，谁对你更具有吸引力？ ,0,0
很多人可能对5G的感知错了，微博现在又充斥着不成熟，无用论。买个支持sa的5g手机应该两三年不会落伍而买个4g，明年5g都铺开了。用极端的地方举例，有些村庄还没4g呢，难道4g也无用？5g华为Mate30 ,1,0
国外数码大V近日曝光了华为mate30。从曝光的图片上看：即将发布的华为Mate30确定无疑将会采用后置五摄的方案，第五颗摄像头是左上角闪光灯下面一个疑似是ToF的镜头。屏幕很有可能瀑布屏的设计，看图中mate30颜值 你们觉得1-10可以打几分？数码手机华为华为手机华为Mate30 ,1,0
有些手机是注定大卖的，比如vivo X27，比如iPhone 11，比如华为mate30 Pro。。。真的，一款产品能不能卖好真的不完全看做得怎么样和有没有创造力，其他因素也很关键。（当然这几款产品确实还是优秀的。） ,1,0
华为Mate30一触即发，激活巨大能量！ Rethinkpossibilities 余承东的微博视频 ,1,0
等一个mate30，四年半换六机 ,1,0
小米新媒体总监陆柒柒做了一个红米Note 8 Pro跟荣耀9X的高空跌落测试，雷军表示“太虐了”。华为Mate30都要发布了，小米从上到下还在拿红米Note 8 Pro去怼荣耀9X，足见荣耀9X带给小米的伤害有多大，还不知道谁更虐心呢。。以前红米手机都是同价位性能领先至少不落后，现在荣耀9X一个麒麟810，直接导致红米手机的核心竞争力被削弱了。,1,1
小米保密做得挺好啊，MIX4到现在连啥方案都不知道，隔壁华为Mate30的信息都快曝光完了 ,0,0
华为5G手机Mate30麻溜的出来   我要换手机了     南昌 · 南昌县 ,1,0
话说还没等mate30发布，v30的消息就已经出来了，这速度太快了吧，消费者（土豪除外）的钱包虚了，跟不上这节奏啊 ,0,0
随着前些天苹果发布会的召开，iPhone 11系列也如之前曝光的那样并没有带来多少创新，而且关键还没有5G。尤其是其后置摄像头模组的样式，不得不让人联想到华为去年发布的Mate20系列，难道苹果已经创新缺乏到只能抄袭华为的上一代产品了吗？  iPhone新机创新未达预期？华为Mate30系列更值得期待 ,1,0
路边社可靠消息:小米MIX4在9月24日发布，又抢在了华为Mate30国内发布会前！ 南昌 ,0,0
华为mate30超话官方内幕，我还是喜欢它的摄像头设计 ,1,0
华为Mate30 一天都有好几个版本，这个参数大家看一下是真是假？ ,0,0
mate系列（自mate7以后吧，因为2013年出的mate及其后一路到mate6，我也只是耳闻），是隔年的换代。具体来说就是，mate 7是开创性的，mate8就小改款而已。mate9也是大进步，mate10旧打酱油。现在mate20很成功（据说），因此mate30可能会有些令人失望。师母已呆。,1,0
对，要是我肯定也是买华为Mate30！几年前我就用国产手机，打给国产手机的电话，都不会有打不进去的事情发生！但是打给使用苹果手机亲戚，电话就有时会打不进，在中等信号的地段都会出现沙沙、嘟嘟、忙音能把人急疯。经过观察了多台苹果手机，发现苹果手机普遍都拥有这种烂象！前几年开始就果断地放弃购买苹果手机的念头。一直购买华为手机使用，至今家人拥有七八台华为手机，互相通话都非常流畅，没有苹果手机的那种烂象。《机皇对决！当iPhone11遇上华为Mate30，胜负一目了然》而在iPhone11发布前夕，老对手华为抢先放出一段华为Mate30新机预热视频，其中透露出了不少关键信息。,1,1
提前3天vivo NEX3狙击华为Mate30。华为Mate30是浴霸四摄，vivo NEX3是浴霸三摄。华为Mate30 5G版采用麒麟990 5G SoC，这5G技术厉害了，不用挂载5G芯片balong 5000了，而是麒麟990直接支持5G网络，而vivo NEX3搭载的是骁龙855 Plus芯片，需要挂载高通X50，才能实现5G上网功能。 ,1,0
vivo NEX3 的后置镜头的确也采用了类似于华为mate30 的奥利奥设计，当然这部手机也加入了曲面屏和无孔元素，看来以后的旗舰机曲屏应该会成为主流，你喜欢曲屏么？ ,0,0
据推特网友爆料，在Geekbench跑分网站上，出现一款华为新机。信息显示这款手机搭载麒麟990处理器。这款华为新机型号为“HUAWEI NLE-AL00”，但是型号跟Mate30/Mate30 Pro对不上，暂时不知道是什么机型。 ,0,0
《华为打造无美供应商！特朗普反应让美企急了，来华建超级大厂》而且这不是说说而已，这一战略已在华为最新旗舰——华为Mate30上实行了。网页链接 ,1,0
数码 数码[超话]HUAWEI华为Mate30手机麒麟990 GeekBench跑分。单、多核成绩都略微领先高通骁龙855+。频率略高的麒麟990 5G应该会跑分更高一点。华为这几年，手机芯片很巧妙地利用差代对比技巧，不跟你一块发布，争取提前俩三月发布和你上代比，其实应该跟接下来的骁龙865比，他们才是20年长期共存的对手，由于没用A77大核和GPU劣势，利用时间差保持两三个月领先，又会被骁龙865大幅狂虐大半年，这几年基本都是这样。要加油啊，万一高通把这个时间差给赶过来，就危险了华为mate30,1,1
《影像拍摄升级，华为Mate30高速摄影留住瞬间之美》根据目前曝光的信息，Mate30系列在保证顶级拍照性能的同时，在视频拍摄方面似乎也别具新意。网页链接 ,1,0
华为 苹果 三星 该怎么选？预算一万。用两年左右选华为Mate30 Pro用一年选iPhone 11 Pro Max（不支持5G）等不了的选三星Note10系列 5G版本行长的每日一乐 ,1,0
10倍焦距能拍出这种景色，也只有华为能办到了！实力吹捧～我这种手残党也能完成的美照，相信MATE30更厉害！期待～祝各位中秋节快乐！爱上拍照，从换一部华为手机开始 ,1,0
网友投稿：小米自带浏览器，搜索引擎是度，搜索iPhone 11出来，第一顺位是华为Mate30。我试了一下果然真是。又搜索了其他品牌，有的也如是，这是怎么回事？ ,0,0
这几天在网上看到很多数落新iPhone不支持5g以及对应的苹果💊言论。作为一个果粉，我想说说一说自己的看法，5G手机现在除了即将到来的mate30，都是外挂的巴龙5000或者高通x55等基带。说到外挂基带，很多人会说果家近几代手机还不是外挂了Intel的基带，这大部分归因于商业纠纷，无关乎4G通信技术。截止今日尚无一款使用集成5g基带芯片的手机上市，虽然那一天大约就在19号。除了技术本身尚未成熟，适用于5g的应用也没有上市，就像那位何同学所言，测速应该是5G最无聊的应用....另外中国虽然5g建设进程已领跑全球，但是目前处于地区不均衡状态，我念书的大城市覆盖了很多区域了，学校里移动电信覆盖校园，但是我那三四线城市的家乡基本一个5g信号基站都没有。大众使用的科技产品应该追求的是稳定，而不是超前吧。所以我觉得用不支持5g就断定一个公司的没落太过草率，反而在技术成熟时提供给消费者，才是顺应时势，顺之者昌！记得高中时，一个妹子用的是Nokia很古早的一款手机，黑白屏却支持3g网络，这个支持意义何在呢？如图（来源知乎，侵删）的历史，可堪殷鉴。执念于对技术的打磨而不是冒进，或许是苹果这家公司的魅力所在吧～以上,-1,1
华为Mate30一触即发，朋友们猜到是什么功能了吗？Rethinkpossibilities 华为手机官方的秒拍视频 ,1,0
吹爆HUAWEI 坐等mate30华为Mate30 海口 ,1,0
"IPhone11 Pro Max放在购物车里又清空，来来回回好几次。想想不支持5G明年还得再换 iPhone,忍痛今年不换算了。920抢两台华为 mate30 pro孝敬父母吧…… ",1,0
华为Mate30 Pro详细参数全曝光，看起来很能打的样子 ,1,0
华为正式发布鸿蒙超话 预示延迟拍摄吗？🤔华为mate30 华为终端官方微博的微博视频 ,1,0
哎，发现我与航拍上海无缘；今天原本计划去北外滩航拍，人都到了，位置也找好了，时间点刚刚好，正好晚霞时分的浦东和浦西；结果遥控器电量零，白忙乎，只能回来跑步；在想着要不要回去洗完澡去天台用单反和三脚架拍月亮，但总觉得索然无味，罢了罢了；就这样吧，中秋快乐；赶紧发布mate30吧，6s要扛不住了。 ,0,1
华为mate30 这是暗示无线充电？还是会变色的机身？难不成是卖手机还送宠物？ 德州 进击的锅包肉儿的微博视频 ,1,0
啥也不说了蹲个华为Mate30德国9月19首发 ,1,0
华为官方发布的Mate30预热视频，这支箭和这个环让我莫名的想起了饥饿游戏华为终端官方微博的微博视频 ,1,0
下一部机器可能会在vivo NEX 3/华为Mate30 Pro/小米MIX里面选。别问我为什么不买iPhone 11 Pro Max和三星Galaxy Note10+ 5G，问就是这俩手机名字太长，所以我不喜欢 ,1,0
mate30[超话]Pro配置曝光：① 采用6.6~6.8英寸左右、分辨率1176x2400的AMOLED瀑布刘海屏；② 搭载麒麟990 5G处理器，支持华为Face ID 2.0，配备屏下指纹识别，拥有8GB+512GB存储规格，运行基于Android 10的EMUI10系统，没有物理音量按键，改用虚拟音量条设计，支持Nano SIM / Nano SD双插槽；③ 后置4000万像素IMX600传感器+4000万像素“widecine camera”+800万像素长焦镜头，前置3200万像素镜头+超宽相机+ToF镜头；④ 内置4500mAh电池，支持40W超级快充及27W超级无线快充,1,1
按照惯例爵士现在应该发一张月亮，趁mate30没发布，还能当一星期爵士 ,1,0
华为5G手机Mate30拍月亮大赛 华为P30Pro手机拍月亮确实牛逼，不止一点。华为P30 ,1,0
果然，知名新一曝光了小MIX新机的消息，并且表示1亿像素“秒杀”iPhone11想买iPhone11的朋友再等等吧！马上华为Mate30就来了 ,1,0
华为5G手机Mate30 华为手机又被爆料，这么多料，可以吃一顿火锅了。ISO最低125，最高819200光圈支持f1.6/2.7/32主摄IMX670…………不一定准确，看看就行华为Mate30 ,0,0
任正非有意出售华为5G技术 打遍天下无敌手，英雄不问出处。天下第一，没有对手。对手是竞争出来的。没有了对手，自己无法超越自己。来，我教你。来，我帮您们。来，与时俱进。华为5G手机Mate30 华为这一次，每一步都是正确的选择，每一步都是在进步 ,1,0
华为手机也太厉害了8！！！我也想换mate30 pro🥵 ,1,0
听说最近你们又不相信爱情了，觉得婚姻越来越不可一击？见过越多失败的婚姻，越明白爱情重在陪伴和经营。常常说，一屋两人三餐四季，其实感情就在一餐一饭间。想要抓牢爱情？和@欧派家居集团 一起周六下厨拯救爱，听说他们还送华为Mate30和iPhone11！快去周六下厨拯救爱围观！,0,1
iPhone 11 Pro Max有了夜景模式？那又怎么样？没有专业模式，Mate30发布会依旧被吊打。你信不信？ ,-1,0
苹果iPhone11ProMax夜间拍照样张出炉：碾压iPhoneX，从样张来看，iPhone X在这种低光条件下几乎无法拍清人物和环境的细节，而支持夜景模式的iPhone 11 Pro Max的照片则清晰地拍出了几乎所有细节，照片亮度也非常高，对于高光的抑制表现也非常不错。这才是华为mate30 pro真正的对手，期待DXO排行榜的更新。,0,1
重磅！华为Mate30真机照片来啦！      有网友拍得了一款疑似华为Mate30手机，感觉这个可信度高，而且长安数码君说和他摸过的一样，看来应该是差不多稳了。      从图中可以看出使用的是小刘海，曲面屏，屏占比比较高， 3D结构光应该还在，不知道再有没有什么黑科技呢？ ,1,0
华为Mate30，图一图二适当联系！     @余承东 余总，这可是你发的，轻点砍我！    我是相当期待华为Mate30系列的拍照和录像！ ,1,0
华为mate30 Pro主要参数完全确认，麒麟990 5G版+后置四摄+40W快充+瀑布屏，售价七千元左右，你会买吗？ ,0,0
华为Mate30 Pro参数全曝光：6.6英寸刘海屏幕。       麒麟990 5G3D结构光。                  屏幕指纹后置4000W+4000W+800W+tof四摄前置3200W镜头。       4500毫安电池40W有线快充 27W无线快充IP68防水防尘。            无实体音量键支持5G 网络 ,0,0
华为5G手机Mate30 什么样的华为手机是你的菜，中秋节不吃月饼，吃华为手机。好大的月亮🌙五月数码科技 ,1,0
ISO最低125，最高819200光圈支持f1.6/2.7/32主摄IMX670…………不一定准确，看看就行华为Mate30 ,0,0
触碰之间，能量即澎湃，9月19日•慕尼黑，与华为Mate30系列一起，感知强劲科技的魅力Rethinkpossibilities 华为手机的微博视频 ,1,0
网友：5500块选mate30还是iPhone11？ ,0,0
华为Mate30 发布了头条文章：《发布在即，华为Mate 30 Pro详细配置曝光》  发布在即，华为Mate 30 Pro详细配置曝光 ,1,0
iPhone 11的亮点，除了三摄相机，颜色或许是这代iPhone最让人期待的地方。创新乏力的苹果还会带给我们多少惊喜？  没有5G，丢了创新的iPhone 11和华为Mate30，该如何选？ ,0,0
华为mate30的价格会是多少啊？媳妇开恩说可以买好一些的手机我想试试看 ,0,0
【 新iPhone发布 后，华为Mate 30 Pro全配置曝光，网友：华为稳了】苹果这边刚发布了iPhone11，华为Mate30 的配置详单也被曝光，通过配置单可看出，华为Mate 30 Pro 不但采用了四摄镜头模组，而且还搭载了全球首颗集成5G的芯片，可以说iPhone11没有的，Mate 30 Pro都有，你打算买哪个呢？新iPhone摄像头被玩坏了  ,1,1
大咖云集，他们都在行动！2018年中国离婚率最高达63%，如何拯救中国高企的离婚率？由@欧派家居集团 发起的周六下厨拯救爱公益活动，获得了家居圈、媒体圈、创意圈、演艺圈众多大咖的共同支持！婚姻需要用心经营，一起行动，在一餐一饭中，保鲜爱情。听说晒照还可以赢华为Mate30大礼，快去周六下厨拯救爱围观~,0,1
华为mate30 5G智能手机将在9月19号在德国柏林全球首发。5G和后置摄头成为亮点，看这视频吧。科技潮玩超话  粉丝-金玉2011的微博视频 ,1,0
面对隔壁厂商老板每次都是参数型的大猛料，华为Mate30这隐晦的爆料已经让网友坐不住了 ,1,0
Mate30 Pro这飞流屏。啧啧啧。这感官。啧啧啧。和VIVO NEX3 就是一个刘海和升降的区别。据说屏幕的供应商是三星，就看这块屏幕的素质了。假如素质特别硬，感官通透，那么当你打开超广角拍摄，这就是握在手里的一块“玻璃”。在此，感谢小米提出全面屏的概念。让其他手机厂商有了进步的动力。也希望小米MIX4也能进化到“一整块玻璃”的程度！国产手机，一起加油！,0,1
华为mate30系列的配色选择：暖砂杏红海橙（国内红茶橙）水湍流金湖淡绿色亮黑色…… ,0,0
京东方宣布开启柔性OLED屏的减产计划，看来华为Mate30系列确定是用三星的屏幕了。之前华为P30系列用京东方被批评屏幕差，现在改用三星，对国产屏幕供应商的影响还是很大的。 ,0,0
科技潮玩 【这才是好兄弟[good]移动暗中为华为5G双模手机助力】中移动近日在发送5G套餐体验包服务提醒时，表示未来5G网络为NSA/SA混合组网，网络升级后仅支持NSA的单模手机，在仅有SA网络地点将无法连接5G网络。地球人都知道，目前国内5G手机只有华为5G手机Mate30 支持NSA/SA双模双待，移动无形中是给华为做了一波广告，好兄dei哥哥记住你啦[笑哈哈][笑哈哈],1,1
华为Mate30和iPhone11谁更好看？我说华为Mate30好看会不会被喷？ ,1,0
库克说5G技术不成熟是死鸭子嘴硬。苹果新品的发售周期正好踩在5G更新迭代的前夜了，这个节骨眼发的产品都是一年前设计布局的，肯定没有5G啊，但是成本都投了，物料配件都采购了，订单都排了，也只能硬着头皮卖了。华为的产品迭代周期节奏就胜了一筹，春天时候发了p30，很快上市mate30正好配合5G首发。这样华为的产品周期要比苹果快10个月。如果苹果不在明年初破例发布5G版的话，被吊打一年是妥妥的。,1,1
我好像又知道了个华为Mate30系列的料    截止现在这两个料，媒体、各种猜测都还未涉及最近手机圈竞争有点歪了，华为Mate30系列应该是一次摆正，让大众再一次感受到不需要争论的震撼！    会是哪两个方面呢？大家对华为5G手机Mate30 有什么其他的期待呢？ ,1,0
【华为：即将发布的Mate 30将不再预装任何谷歌应用程序】9月9日，华为在2019年柏林IFA展上对媒体确认，即将发布的秋季旗舰手机Mate 30将不预装谷歌的应用程序和Google Play服务。按计划，华为Mate 30将于9月19日在德国慕尼黑发布，搭载华为最新的麒麟990芯片。谷歌方面此前表示，华为Mate 30无法预装Google应用和服务，并非不能使用Android系统。 ,1,1
iPhone11系列虽然不支持5G，但要实现5G网络是非常简单的事，苹果用户也不必担忧。vivo NEX3、小米9 Pro、华为Mate30这几部即将发布的都是5G手机，到时候iPhone11用户可以买一部在5G网络下开热点，这样iPhone11就可以体验5G网络了。 ,0,0
看完苹果这次的发布会，有点期待华为mate30的5G版了… ,1,0
疑似华为Mate30 GeekBench单双核跑分，搭载的是麒麟990 4G芯片。 ,1,0
一加7T Pro的手机壳，圆形浴霸稳了，就看到时候与华为Mate30 Pro哪个浴霸更强了 ,0,0
华为P30Pro的全新双拼配色，怎么样你觉得漂亮么？华为mate30 ,1,0
华为Mate30撞车iPhone 11，这是华为和苹果的第一次正面刚！苹果发布会 搞笑汝的微博视频 ,1,0
厨房冷清，则婚姻凉凉；厨房热闹，家庭就暖暖。厨房是婚姻的温度计，热气腾腾的厨房才能烹饪出美好暖心的婚姻。和@欧派家居集团 一起周六下厨拯救爱，用行动让家更有爱。晒照还可赢华为Mate30大礼！详情快去周六下厨拯救爱话题页！欧派家居集团的秒拍视频 ,1,0
华为神秘新机跑分，型号跟Mate30/Mate30 Pro对不上，暂时不知道是什么机型。麒麟990+8GB+Android 10系统。图二是之前查的骁龙865工程机跑分。 ,1,0
华为5G手机Mate30迫不及待体验“瀑布屏”    根据流出的工程机图片，华为新机的超高曲率屏幕是实锤了！相信真机会非常漂亮😍正面顶部采用了和华为Mate20 Pro一样的设计 相信我Pro宽度不会是兔牙那样换机的想法亟不可待。 ,1,0
捕捉时光瞬间，凝结影像之美。9月19日 华为Mate30Rethink possibilities 一是昨天的微博视频 ,1,0
华为5G手机Mate30打算换华为了 这一代苹果太丑 还没有5g 想换个mate30 5g版 128或者256的 大家推测一下 大概要多少钱 我也好准备一下银子了  ,1,0
华为5G手机Mate30从单摄到双摄到三摄到四摄，华为一直在突破，不过这次mate30摄像头的排列我觉得比mate20的要好看哎 武汉·光谷 ,1,0
官宣3段视频揭秘华为Mate302017体博会展区亮点系列 华为手机官方以3段预热视频为主，来对华为Mate30系列新机的新亮点进行诠释。第一个视频中“硬核极速 重构连接想象”为主题，视频画面中揭秘了华为Mate30系列新机以5G赋能，拥有疾驰的传输速度和强悍的运算速度。第二段视频以“刹那即永恒 重构时间想象”为主题，我们看到视频中画面中光影“脚步”放慢后，清晰还原每个细节动作，揭秘华为Mate30系列新机将再次为我们开启前所未有的影像世界。第三段视频中，“拍‘暗’叫绝 重构黑夜想象”为主题的画面里，通过镜头拉近暗夜距离，通过华为Mate30系列新机的清晰影像捕捉每一帧光影流动，黑夜中捕捉精彩，华为Mate30系列新机更专业。,1,1
华为Mate30系列和小米MIX4系列你们会选择哪款？哇科技 ,0,0
华为手机与 Windows 10 数据、操作互通演示 「HUAWEI Share 一碰传」 手机与笔记本碰一碰，图片、视频、文档即可快速传输，并可共享剪贴板和文档......微软Windows10win10Windows电脑笔记本 华为Mate30 华为 数码君的微博视频 ,1,0
已发布或即将发布的四大旗舰手机，如果只能选择一款，你们会选择哪一款呢？1.三星note 10+2.华为mate30 pro3.iPhone 11pro max4.小米mix4 ,0,0
华为年度新旗舰机mate30现身，这次不再学iPhone 了苹果发布会 搞笑汝的微博视频 ,1,0
mate30的背面越看越好看啊，我已经接受滚筒洗衣机的设定了[哆啦A梦吃惊]那个绿色和蓝色是真的好看，耐看。天空之镜买了就后悔，花哨，不耐看，还不如买黑色的。深刻认识到了mate系列果然才是真正的亲生儿子，p系列就是为了稳住上半年销量而生的[允悲]屏幕，性能，音质，拍照，录像，目测这些功能都将超过p30系列，他们首发貌似也就差1000元左右，差距却这么大。还有最重要的5g[允悲][允悲][允悲]我已经后悔没有听我朋友再等等买mate30了[泪]以后长记性了买m不买p[泪],1,1
百度搜索iPhone11，跳出来的第一个内容却是华为Mate30。这波截胡太6了，你的手机是这样吗？ ,1,0
这个手机真的很奇怪，耳机在别的手机上用的好好的，在这个手机上为什么只有一个响？上次扔耳机以为耳机坏了，这次发现是手机有毛病，再撑一个月，mate30！ ,1,0
知名博主曝光年华为Mate30系列的新配色命名为：暖砂杏、赤霞橙、水漾流金、湖光青等，暖砂杏的别名曾为蜜合色，出自红楼梦里薛宝钗的服饰……各位觉得如何，有没有可能引领下半年或者明年的手机配色潮流。 ,1,0
苹果发布会也已经结束了剩下的还有16号的vivo NEX3，19号的华为mate30以及月底24号小米9pro5G版本 ,1,0
网友放出华为Mate 30 Pro的正面真机照，和之前爆料的一样，采用了瀑布屏的设计，正面为小刘海，刘海部位可以明显的看到有三颗传感器，根据之前的消息应该还有两颗传感器。简单感受了解一下吧！（Via.阳阳你好）华为5G手机Mate30花式种草 ,1,0
Mate30 PPT：我们的刘海比苹果小百分之三十。 ,1,0
小米9 Pro 小米MIX49.24这两天还有华为Mate30，也在上海 ,0,0
库克回应新iPhone不支持5G，部分网友：5G不实用！    不可否认的是iPhone11是一款很好的产品，缺少了5G是个遗憾，但遗憾终究是遗憾，不能反过来变为优势！    希望部分网友正视事实，万不可罔顾现状，甚至拉华为Mate30下水    华为：我太难了！出个5G手机都要被指指点点 ,1,0
华为5G手机Mate30这个手机比爱疯好不 北京 ,1,0
【华为智能手表WATCH GT2或将搭载鸿蒙操作系统？】从目前已知的信息来看，华为将于9月19日在德国慕尼黑发布Mate30系列新机，届时除了手机外，华为也官宣将要一同发布FreeBuds 3pro新款蓝牙耳机以及WATCH GT2智能手表，这两者最大的相同点是同样搭载了华为最新推出的麒麟A1芯片，这也是海思除了终端处理芯片外，又一麒麟系列芯片，将主要用于手表，耳机，眼镜以及音箱等智能设备上，其具备有优秀的蓝牙连接效果和稳定性，以及自带核心处理器，再配合鸿蒙OS分布式操作系统，这将使得手机上的一些交互体验可以联动起这些智能周边。我们不妨设想一下，华为WATCH GT2 在鸿蒙OS分布式操作系统和麒麟A1芯片的配合下，一些可能性的新玩法。比如：可以通过手表进行查看手机上的联系人，并进行拨号，也可以进行语音输入回复各类信息；你再比如：可以通过操作音频播放器的上下曲，音量大小，以及将音频输出端切换至手表…鸿蒙OS分布式操作系统的可能性会大大超出我们现在对一些智能设备在交互体验上的一些假想。在硬件芯片上和软件系统上，华为做出了极大的努力，拥有自己独到的全套解决方案，这也使得华为在“1+8+N”的大战略下，将变得越来越强大。@科技C先生 @长安数码君 @余承东 @宅数码Kael @Ark咔嚓一下 @华为何刚 @ichangezone @宋敬亭 @万能的大熊,1,1
旗舰手机设计华山论剑！从设计、颜值、引领性来看，大家觉得华为Mate30、iphone11、VIVO NEX3、一加7T、摩托哪款看着最顺眼个人感觉还是华为Mate30顺眼，这成果很大一部分也靠同行衬托啊 ,1,0
小米的无线充电是30W，而华为Mate30曝光的是27W，只差3W。华为有没有可能隐藏实力，把30W故意搞成27W？华为隐藏实力的事可没少干。 ,1,0
华为影业曝光华为mate30啦，这操作666数码手机华为Mate30华为手机 ,1,0
这两天太忙了，微博都发少了，争取明天开始多发一些。先晒一下即将和Mate30一起发布的华为WATCH GT2吧，新增了好多表盘，边框也变窄了好多！ ,1,0
华为手机官方的秒拍视频 华为Mate30预热视频，这不就是960帧超级慢动作嘛？ ,1,0
华为发布Mate30的预热短片，不是暗示，基本就是明示，主打暗光视频，这功能目前还没有哪家在做。很考验算力和优化。和iPhone 11 Pro比起来，我现在更好奇华为能做出啥产品。官方确认！华为Mate30系列主推暗光视频拍摄 ,1,0
苹果发新了，iPhone 11，在美国七百美元就可以买到，美国人月入三四千的工薪阶层可以买四五部。再看看爱国企业华为，一部Mate30🉐 花光一个工薪层一个月的薪水吧？华为 沈阳·澳海西湖印象 ,-1,0
数码博主@阳阳你好 爆料华为Mate30 真机照不出意外的使用了国际大厂都用的刘海屏，并且还曲了很多，各位怎么看？这颜值打几分？ ,0,0
接下来就是vivo NEX3 官宣9.16发布华为mate30 官宣9.19发布小米MIX4 9月底应该都会上5G你会选择谁呢？iPhone11系列压力好大如果小米MIX4 真有屏下摄像头那我肯定忍不住了好怕小米忘了MIX的初衷搞个升降式摄像头 ,0,0
华为mate30带着保护外壳的样子，这不是刘海屏嘛，成精的粉丝取名：“门牙屏”   ,0,0
华为5G手机Mate30 华为Mate30 5G智能手机将于9月19日在德国柏林全球首发。值得一提的是，这是一款全系5G的智能手。（重点突出全系5G），全系5G，销量1个亿iPhone11手机没有5G，苹果哭晕在厕所新iPhone发布 ,1,0
无惧黑暗视界，光影不止于所见。9月19日，与华为Mate30一起，Rethinkpossibilities  华为终端官方微博的微博视频 ,1,0
华为Mate30 Pro赤霞橙的右边框，可以看到只有一个电源键。 ,0,0
在以往华为Mate系列“每一拍都是大片”的基础上，华为Mate 30系列有望在高速摄影、暗光视频拍摄等方面带来重大突破，实现电影级别的拍摄效果。华为Mate30系列将把手机摄影带到何种高度？DXOMark评分是否再一次创造世界纪录？9月19日，便见分晓。 高速摄影、无惧暗光！华为Mate30系列拍照/视频性能重大突破 ,1,0
华为Mate30标准版，“兔牙”刘海？    根据贴膜生产商的产品小样，结合我之前的爆料，华为Mate30标准版的正面基本确定了(图二、三)。    你能接受吗？还是更期待pro版？ ,0,0
华为Mate30Realme手机超话手机厂商现在样张和视频都开始拍鹰了，厉害厉害不过图二的鹰明显有点儿底气不足 ,1,0
这是什么原因？@华为终端官方微博 @华为手机 华为华为超话华为Mate20华为Mate30华为P30 因为mate30要出来的原因？ Hamilwen的微博视频 ,0,0
看我多努力，你们要的华为Mate30系列手机背面！华为5G手机Mate30 ,1,0
对卓越科技成果的热爱，对美好智能生活的向往是没有界限的。无论是在华为IFA2019上，还是即将到来的HC2019，我们一直在努力将科技之美传递给所有人，致力于构建更加美好的智能世界。9月19日，德国慕尼黑，一起见证华为 Mate30系列重构未来可能。 华为中国的微博视频 ,1,0
之前很多朋友问的Mate30，推出了一段捕捉时光瞬间，凝结影像之美的预告，这片子太帅了！9月19日 华为Mate30Rethink possibilities 数懒小姐姐的微博视频 ,1,0
华为Mate30 Pro真机正面，这还是没有安装EMUI10的原生安卓呢via 阳阳你好 ,1,0
新iPhone来了 水果厂的号召力还是独占鳌头的，不过是对快充和电池稍加提升，起步价偏低一点儿，网上便掀起一片热潮了。虽然不喜欢华为的爱国营销，但对它与水果厂的差距，还是不免有些感伤的。少点儿让人反感的爱国营销，华为Mate30 pro还是能够凭借产品力赢得市场的。等这款和小米mix4[超话]一加7t,1,1
如果这次Mate30系列器件全面“脱美”，我不惊讶，七年前任总就担心如果美国操作系统不给用要有备胎。因为美国政府的恶意阻拦，各操作系统都是美国企业、合作有些困难。再次看任总的远见和战略判断： ,1,0
还有一个礼拜，华为mate30系列5G手机将在德国慕尼黑全球发布。一款具有 双模 的真正意义上的5G手机！心在跳，钱在烧华为5G手机Mate30 ,1,0
华为5G手机Mate30 【9月19号华为正式发布第一款5G智能手机】华为Mate30 5G智能手机也是具备世界领先技术的双模全系真5G手机看到动图里这个可爱（怜）的小胖纸，大声告诉我你们脑海中浮现的友商是哪一家 ,1,0
华为Mate30 Pro的爆料方式有些雷同官方要开始预热了？话说小米Mix4的爆料了？图源水印 ,0,0
官方海军？深圳奖励采用独立组网模式的5G基站[吃瓜]    深圳对按时完成5G基站建设目标的电信运营企业，原则上对采取独立组网模式建设的基站每个给予1万元奖励，单个电信运营企业最高奖励1.5亿元！    我感觉华为要乐疯，毕竟目前只有华为手机支持SA/NSA两种5G组网模式，开个玩笑，官方这样做不是因为华为，而是因为SA独立组网模式5G基站投入小、效率高，优势明显……5G来了华为5G手机Mate30,1,1
我是不是被华为套路了？    今天早上华为那边说我昨天发的那个华为5G手机Mate30 的包装图热度很不错，想请我吃顿饭，往返车接车送！    我也没多想就答应了，果然有免费的车坐，还吃了一顿简单的早点，给我介绍了一些朋友就没管我了，这都这会了也没见送我回去，我好像出不去了 ,0,0
华为5G手机Mate30发达归越来越发达可研发人员能不能也考虑考虑用户的体验感现在新出的手机都越来越丑越来越丑是怎么回事我就不知道是在比科技先进还是比外观谁丑了 ,-1,0
华为Mate 30，突显瞬间更多细节。从视频来看，难道是手机的快速抓拍以及高解析力的能力？华为Mate30  虾玩科技的微博视频 ,1,0
华为Mate30 Pro又一波真机曝光它来了它来了！ ,1,0
我觉得这个节点上买爱疯11的都是。。哈哈哈哈。按现在这个5G铺开的速度。。19号华为的mate30一发布怕是要凉一半。。我个人还是比较期待麒麟990的。苹果的发布会真是越来越没看点了。。玩的全是安卓们玩过的东西。 成都 ,1,0
听说博主被关了半个月小黑屋，这是他曝光的两张华为Mate30的真机外包装图片，这是要6+128GB起步啊，真这样也是好事，毕竟照片视频都那么大了，当然加量不加价可能是大家都想看到的 ,1,0
听说你们都在听“朋友”说，今年华为Mate30系列的新配色命名为：暖砂杏、赤霞橙、水漾流金、湖光青？？？新配色，四种新配色？？？加上慕尼黑，就是五种配色了呗？我太可怜了，没有“朋友”。哎 ,1,0
两部手机用了5年了，卡的不行，准备换机。最近苹果11上市，价格还便宜，经过慎重考虑，我还是选择等待华为mate30。 ,1,0
华为Mate30Pro真机曝光   华为Mate30 Pro真机照来了，Mate30 Pro搭载海思麒麟990芯片，后置超感光徕卡电影四射：电影摄像头+超感光摄像头+长焦摄像头+3D深感摄像头。     40W超级快充，27W无线超级快充。     你们准备好了吗？ ,1,0
捕捉光影流动，凝结每一瞬间！9月19日•慕尼黑，与华为Mate30系列一起，开启前所未见的奇幻世界! Rethinkpossibilities  华为手机的微博视频 ,1,0
iphone11 pro苹果发布会 结束了以后，2019年的手机圈发布会最让数码爱好者最大的期待可能就只有华为 搭载麒麟990 5G版的mate30和小米的mix4了，因为会带来更多的新技术 广州 ,1,0
华为mate30系列发布在即，拿什么应对刚发布的苹果iPhone11系列？苹果讲创新时说：创新不一定是改变，而是为了做得更好。而华为也谈创新，口号是：创新还要创造，改变还要突破。华为预热Mate30的文案谈了三点：1.硬核极速，重构联合接想象；2.拍暗叫绝，重构黑暗想象；3.刹那间永恒，重构时间想象。第1点说的应该是麒麟990+Ai+5G！后两点是要在P30系列拍摄功能上更进一步！曾经浴霸不能，如今完美画圆？期待Mate30的表现！[可爱]华为5G华为Mate 30,1,1
华为5G手机Mate30 华为真机果真如此样子吗？喜欢吗？无物理音量按键，是不是也没有物理电源按键，都集合在了屏幕内？五月数码科技 我的思维限制了我的想象。期待华为Mate30全系5G手机首发 ,1,0
库克回应新iPhone不支持5G先搞个 华为Mate30 了解一下 5G 的快感顺便怀念一下 Lumia 「奥利奥」 ,1,0
华为数码 《华为Mate30全系5G手机值不值得购买》 苹果首次对比华为  华为Mate30全系5G手机值不值得购买 ,0,0
华为5G手机Mate30这么多人都在说新iPhone不支持5G，有没有买的必要，然后还要等着买华为5G手机。我现在的状态一脸懵逼[费解][费解]，5G普及了？啥时候的事？如果没有你们现在买了5G手机有蛋用[费解]，全国有5G信号的地方有多少？不还是得老老实实用4G网？我不担心我手机不支持5G，等啥时候我老家农村有5G信了再换手机也不迟,-1,1
【华为Mate 30包装盒及真机部分照曝光】微博博主@长安数码君 及推特博主曝光了华为Mate 30的包装盒及真机部分照。从图中得知，华为Mate 30配备6+128GB机身存储，配色为亮黑色。根据推特博主的曝光图，华为Mate 30的刘海设计与之前曝光的一致，是小刘海设计，其背面被保密，不过从官方预热视频不难看出，其相机模组设计应该是圆形浴霸设计。谁家的浴霸最好看呢？[doge]华为mate30,1,1
近些年不断创新进取的华为，其品牌影响力正在不断的增强，而新iPhone缺失今年最重要的&quot;5G&quot;，则会让其本身影响力更加糟糕。两者相对比，消费者会更期待哪一个？ 新iPhone创新乏力，华为Mate30系列或成5G手机最佳选择 ,1,0
Mate30正面……打扰了 ,-1,0
华为5G手机Mate30华为正式发布鸿蒙华为Watch GT2手表曝光，到底能不能加持鸿蒙系统， 不完全统计，这应该是华为第2款搭载鸿蒙系统的智能设备(命名或为Watch GT2)，第1款为荣耀智慧屏电视。表盘界面的设计专利已经提交，申请日期和出版日期之间的时间非常短，仅为两天。手表还配置了扬声器和麦克风，这意味着你可以用它来打电话等！有一就有二，有了荣耀智慧屏，就有Watch GT，再后来，你想华为圈子产品，华为牛逼了。五月数码科技华为 ​​​,1,1
昨天吹了华为Mate30顺便贬低了iPhone11一整天的项老师，结果到头来却连华为Mate30系列的发布时间都搞不清楚……真滑稽。 ,-1,0
本来以为mate20已经够丑了，结果mate30更丑 ,-1,0
光线背后的阴影里，还潜藏着很多待我们发现的美景！9月19日，让我们和华为Mate30一起探索黑暗中的美好。 余承东的微博视频 ,1,0
华为5G手机Mate30又是长安数码君这个糟老头子，他好像又拿到了华为Mate30，关键是他们不给咱们透露呀，你说这怎么办？要不要去给盘一下呢？ ,1,0
华为Mate30荣耀Vera30   从昨天书记爆料的mate30包装盒来看mate30好像真的不支持5G[doge]这就有点让我费解了 荣耀Vera30都全系标配5G 作为大哥mate30系列为什么不全系标配5G呢[哼]  我感觉还是因为外挂5G基带功耗高 体验上可能不怎么好[doge]mate系列一向求稳不会冒这个险[污]并且我感觉这次的mate30普通版本相对于pro版本应该阉割的没那么狠[笑而不语]     再说说Vera30系列  Vera普通版本估计就是相对于V20的常规升级 22.5w换成40w 主摄还是imx586[笑而不语] 还用LCD打孔加侧边[允悲] 处理器990 4G版  最大的亮点应该是支持5G网络吧[笑而不语]当然售价应该还有惊喜[doge]我保守估计起售价应该低于3400[doge][doge][doge][doge][doge][doge][doge][doge][doge][doge][doge][doge][doge][doge][doge][doge][doge][doge]   Vera30pro 估计还是很有料的[偷乐] 90Hz屏幕刷新率[doge] 主摄应该是华为下放的imx600[笑而不语] 应该用oled屏加屏下指纹解锁[doge] 40快充[doge] tof镜头回归[doge] 处理器为麒麟990 5G版[doge] 至于是升降、水滴还是挖孔还很难说[doge] 我估计售价应该和华为mate30差不多[doge] 要真是这样你是选华为mate30还是选荣耀Vera30pro呢？[并不简单]      以上内容来源于  遛猴科技[doge] 要是错了你们知道该打谁了吧@遛猴大师 [嘻嘻][嘻嘻][嘻嘻][嘻嘻][嘻嘻][嘻嘻][嘻嘻][嘻嘻],1,1
华为智慧屏来了，将和华为Mate30一起发布。目前知道的是一款搭载鸿蒙系统的65英寸屏，预计会有OLED面板。 ,1,0
华为5G手机Mate30请苹果手机先把时钟里香港、澳门、台湾列为中国吧，之前有括号中国，现在没有，苹果是什么意思，一面想要钱一面要政治立场，选择了与一个中国相违背的政治立场，就请离开中国市场。 ,0,0
华为5G手机Mate30我不管、我不管、我不管，我就喜欢华为、我就支持华为 ,1,0
华为手机这几年每次都领先苹果一个身位，华为双卡双待后，苹果才出来; 这次华为马上要出5g手机了，苹果又落后了，整整一年。个人很喜欢华为保时捷手机，特别喜欢背面的真皮设计，很有手感，玻璃材质体现不出高贵冷艳华为5G手机Mate30 ,1,0
华为5G手机Mate30为啥我觉得挺好看的，如果摄像头能做平简直太舒爽了。你买的是柯南啊！！ ,1,0
期待华为Mate30系列发布会 ,1,0
华为5G手机Mate305G手机的放量要等到2020年，其中SOC标志放量条件成熟。9月份三星、华为、高通相继发布了集成5G基带的SoC，华为明确表示配置麒麟990的Mate30Pro系列手机在9月19日发布，预计将是首款搭载5G SoC的旗舰终端。当前4G手机平均功耗在4~5W，5G芯片的峰值耗电量是4G芯片的2.5倍，5G手机平均功耗预计相比4G有30%左右提升，散热需求相比4G更加突出。 ,1,1
等华为5G手机的理由 看了凌晨的发布会吗？依旧是刘海屏、没有创新的苹果首次对比华为，不过这次华为估计要表达不屑了，因为华为即将发布5G手机Mate30，苹果却还是4G，手机买新不买旧，你们懂的，这回华为再一次稳了🙈下面网友制作的两张图，深得我心 ,1,0
华为5G手机Mate30为什么我觉得这个30看起来也不是很好看，是不是都流行多个摄像头了，我还是比较喜欢简单一点的！ ,-1,0
华为5G手机Mate30支持国产！支持华为！另外，我的4G是降速了吗，网速很捉急啊 ,1,0
华为5G手机Mate30看观察者报道美国人报道中国人报道美国人报道中国人的华为看到这个评论👴笑了“我上电视了！我上的电视上中国的电视了！我上的电视上中国的电视上我上的电视了！” ,1,0
华为5G手机Mate30浴霸和滚筒洗衣机之间的比拼我投浴霸一票✌️iphone11 pro ,-1,0
等华为5G手机的理由 看完苹果发布会，两个感受：1.苹果不再“高冷”，苹果首次对比华为；2.未来5G时代，苹果落后太多。9月19日看看华为5G手机Mate30的表现 ,1,0
华为5G手机Mate30长这样我觉得还行，可以接受 ,1,0
华为5G手机Mate30支持华为，真的很好用 上海 ,1,0
默默筹备了大半年项目快要上线了大写的“紧张”怎么有种“丑媳妇怕见公婆”滴感觉呢～～华为Mate30 厦门 ,1,0
华为5G手机Mate30有一个误区，我发现大家一说都在吐槽5g套餐贵，首先，5g手机不仅支持5g网络，也支持4g，也就是说买了5g不一定用。其次，5g手机可以等套餐降价直接用了不必再换手机了，时刻准备着。然后呢，移动目前有免费100g的5g套餐体验，持续到本月底，大家可以体验一下，没什么不好[挖鼻][挖鼻][挖鼻]。,1,1
这或许是苹果的尴尬！网友太毒了，面对苹果新品iphone11，网友直言要买华为5G手机Mate30！原因也扎心了，因为苹果5G要等一年，华为只要一周！！ ,1,0
搜索iPhone 11第一条居然是 华为Mate30库克：？？？ ,1,0
华为5G手机Mate30苹果正奋力追赶，当华为开始玩滚筒洗衣机了，苹果终于有了浴霸[坏笑]，苹果表示不服，俺这是剃须刀啊[允悲]9月份三星、华为、高通相继发布了集成5G基带的SoC，配置麒麟990的Mate30Pro机皇，将在9月19日发布。当前4G手机平均功耗在4~5W，5G芯片的峰值耗电量是4G芯片的2.5倍，5G手机平均功耗预计相比4G有30%左右提升，散热需求相比4G更加突出。5G的设计真的太难了，能真正体现华为舍我其谁的创造力[奥特曼][给力],1,1
华为5G手机Mate30我需要换手机了一直希望华为5g给我一个充足实在的理由换掉苹果可是 华为系统是真的不错 但这个造型……颜控无法接受我欣赏不来它的摄像头外形 ,-1,0
建议大家等一下Mate30，比较一下再下手。,0,0
华为5G手机Mate30现在手机的更新速度，让人往往买完手机就后悔。不敢研究新手机了，怕买完就出另一款，结果自己刚买的刚出来的新手机成了过去，还没研究明白就出下一部了 沈阳 ,-1,0
华为5G手机Mate30 这是要和苹果11比摄像头谁多嘛？希望华为的P系列颜值永存🤟 ,1,0
华为5G手机Mate305G赋能未来，期待 ,1,0
我觉得我没说错华为Mate30 ,1,0
用与生俱来的探索精神，去激发不受约束的无尽想象。戳视频说说看，视频里隐藏了华为Mate30哪些重点信息？Rethinkpossibilities华为终端官方微博的秒拍视频 ,1,0
华为5G手机Mate30建议现在别把华为mate30吹的太热，毕竟还得实际使用再说，而且对于大部分人来说，其实5g还真的有点远，虽然我也挺喜欢华为，但是不得不承认两者还是有一定差距的。希望mate30给我们一个惊喜，不要到时候各种被吐槽。 嘉兴 ,0,0
华为5G手机Mate30网友评论，iphone之后，华为又稳了，对于这个是三星发布折叠屏以后余承东发的，而事实也证明了这点，而这次，你觉得华为稳了吗？ ,0,0
华为5G手机Mate30mate30也不怎么好看大家谁还记得mateX?啥时候上市mateX？ 大连·高新园区 ,0,0
华为Mate30正面设计：小刘海屏幕+非曲面设计，或有简版3D结构光。在各种全面屏争奇斗艳的今天，华为mate30系列仍然坚持“刘海屏”设计，一点点进化发展，走有自己特色的风格，我个人挺欣赏。你们会考虑这款全面屏手机吗？部分图源：数码闲聊站 ,1,0
华为从昨晚开始投了一批 yxh 的广告，等华为5G手机的理由华为5G手机Mate30◀️以及这样的热搜tag。华为肯定会把 5G 作为营销的重中之重，因为这是目前很多用户最大痛点。P30 系列从根本上来说是失败的产品，如果 mate30 能打个漂亮的仗，就能弥补 P30 系列的口碑损失。但就拍照和视频的综合能力和使用体验而言，iPhone 仍然没有对手，这是安卓厂商怎么吹都改变不了的事实。,1,1
华为5G手机Mate30iphone11 这是苹果几 光哥土鸡蛋的微博视频 ,0,0
突破时空之限，让想象从此无界。9月19日，与华为Mate30一起，Rethinkpossibilities。  华为终端官方微博的微博视频 ,1,0
OPPO的Reno2刚发布了，感觉不是很香啊，又是高价低配没啥可买的。。个人感觉现在千元机最好买荣耀9X/红米 note8 pro/Realme Q，三千元档次买魅族16sPro，四千档次毋庸置疑一加7 Pro。不过9月国产机竞争太激烈了，还得看看华为Mate30，小米Mix4和一加7T Pro，不过好像已经石锤，今年不会有比一加7 Pro屏幕还好的手机了……苹果阵营的话，等明天凌晨1点开了发布会之后，iPhone11如果升级到1080P的LCD屏，再加上iPad Pro级别的全角度面部识别，加上宇宙无敌的A13，等双十一降到5000+，也是真香！当然也可以考虑降价到3000+的Xr，性价比无敌了。虽然苹果后置镜头的处理实在是恶心，虽然现在也就那几个方案，但是感觉完全没有Mate20 Pro处理的好看。。[二哈],1,1
苹果首次对比华为有多少人和我一样，后悔自己熬夜蹲苹果发布会的？来举个手！Iphone11没有5G版本你还会考虑入手吗？反正我开始想等华为5G手机Mate30了，等华为5G手机的理由 ,1,0
华为5G手机Mate30 这肯定不是滚筒洗衣机。 ,1,0
华为Mate30 要什么iPhone11，华为mate30不好吗？华为终端官方微博的微博视频 ,1,0
华为5G手机Mate30余承东躺赢，iPhone 11没有5G版本，将华为Mate30 推向热搜！因为苹果5G要等一年，华为只要一周时间，安卓机皇来了，这次5G一步到位！  叫板苹果！华为Mate30全面曝光，其实这才是华为的真正实力！ ,1,0
华为Mate30 Pro参数被曝光网友：稳了科比：别以为已经稳了 ,-1,0
华为5G手机Mate30等华为5G手机的理由买个热搜做广告不过分吧，有的人简直恶心，又没人不让你买苹果 ,1,0
苹果发布会苹果首次对比华为苹果新手机名iPhone11华为Mate30等华为5G手机的理由 一个产品失去继续给用户带来惊喜，便是创新停止的开始。苹果的未来，在哪里🧐 ,1,0
【华为Mate30系列逐渐揭开神秘面纱：光影不止于所见，旗舰特性四重构[给力]】iPhone 11系列和华为Mate30系列作为下半年最重磅的年度旗舰，吸引了亿万网友的目光。随着iPhone 11系列发布，全球亿万网友把目光聚焦到下半年仅剩的重磅旗舰Mate30系列身上。     从华为终端官方微博发布的预热视频中，重构速度想象、重构瞬间想象、重构暗光想象、重构能量等代表了华为Mate30系列手机特性的总结。从这些视频画面中我们不难猜出：       “速度”不仅代表了华为Mate30系列在5G网络方面的极速表现，也代表着其性能方面的流畅速度体验；       “瞬间”代表着华为Mate30系列在超级慢动作拍摄方面的能力；       “暗光”则代表着华为Mate30系列的暗光拍照表现出色；       “能量”无疑代表了华为Mate30系列在续航和充电速度方面或将表现出色。 ,1,1
华为Mate30iphone11 纠结于苹果和华为，它们的摄像头一个像浴霸，一个像滚筒洗衣机，都有点。。。 ,0,0
华为5G手机Mate30我还是去买个nova凑合用一年吧..摄像头还是要竖着摆才好看想让喜欢的男孩子换头像 喜欢的男孩子不在朋友圈是最惨的 ,0,0
昨天为了拍家具和灯的效果照片，特地把我爸的华为Mate20 X（之前给他买的）拿过来用。父亲问为什么不用自己手机，答曰：“手机不好，没广角。”父亲说手机不好赶紧换一个……今天早上起来刷微博，一看。好吧，iPhone11还真没5G……那我铁定换门了，19号Mate30 PRO等你！iphone11 ,1,0
iPhone 11发布后网友做了一些恶搞图，最近国产手机的新旗舰会陆续发布，和iPhone 11系列比起来iQOO Pro、vivo NEX3、华为Mate30、OPPO Reno Ace都有5G和更多卖点，瀑布屏、90Hz刷新率、高功率快充可以期待下 ,1,0
华为5G手机Mate30华为老拿5G说事更新换代未免太快了点吧，麻烦少出点手机，把手机做精好吗？ ,1,0
挣扎在买ip11、hw mate30 and 微博转发中奖的漩涡中 ,0,0
华为5G手机Mate30作为果粉，我觉得我可能要买华为了因为P30 pro太好看了，深得我心 ,1,0
华为5G手机Mate30我比较想知道就算我有了5G手机，我能接收到5G信号么 秦皇岛·龙熙半岛 ,0,0
华为5G手机Mate30无惧黑暗视界，光影不止于所见。9月19日，与华为Mate30一起突破视觉边界华为Mate30 科技耍猴ppt的微博视频 ,1,0
谢谢华为的中秋礼物，脸上有光，期待mate30系列的到来！ ,1,0
华为5G手机Mate30刚入手华为手机现在又出5G这是要破4G换5G嘛 岳阳 ,1,0
华为5G手机Mate30期待华为旗舰，苹果现在致创新的手段是靠增大摄像头尺寸来优化拍摄系统，太特么搞笑了，怎么不把佳能镜头装上去那拍照绝对秒杀所有手机。双摄大鼻孔，三摄防毒面具。。 ,1,0
华为5G手机Mate30爆料：新配色更加亮眼！    这两年华为的配色和外观都非常的不错，天空之境和渐变色曾引领潮流，据说华为Mate30系列的新配色命名为：暖砂杏、赤霞橙、水漾流金、湖光青等    暖砂杏的别名曾为蜜合色，出自红楼梦里薛宝钗的服饰，我觉得大家应该会很喜欢！ ,1,0
iPhone11才发布没多久，可以先关注关注安卓，这个月华为Mate30系列要发布，小米9Pro和小米Mix4要发布，vivo Nex3也要发布，还是有很多惊喜的，不妨先等等，看看都是什么水平，再考虑选择买哪款 ,0,0
华为5G手机Mate30这捷径应该是唯一能超过苹果的时机了！ ,1,0
华为5G手机Mate30  @长安数码君 他又出来大曝光了，果然是海军头子就是不一样！    华为Mate30标准版基本上是6G+128G起步，依然拥有沉稳大气的亮黑色，外包装依然延续华为Mate系列的风格，黑底+金字！ ,1,0
华为5G手机Mate30，值得期待！    没有5G或许是iPhone11 的一个缺憾，突然对拥有5G的华为Mate30系列更加期待了！    今年是5G元年，你们认为手机拥有5G重要吗？ ,1,0
华为5G手机Mate30您们都把摄像头整这么大干嘛！一个浴霸一个滚筒洗衣机，谁能把摄像头给我做小点？跟前置一样小就可以了，这花里胡哨的干嘛？嫌弃对了， mate30多少钱，我想买一下 ,1,0
希望你能遇到这样一个人，并且一直走下去。 华为5G手机Mate30 ,1,0
等华为5G手机的理由突然期待起华为5G手机Mate30了是怎么回事？明明我只是补了一下昨晚苹果发布会的瓜啊！ ,1,0
华为5G手机Mate30洗衣机和剃须刀的斗争（设计灵感来自于家用电器）生活处处都是设计 烟台 ,0,0
