user_id,screen_name,description,follow_count,followers_count,gender,verified,verified_reason,profile_url,location
1749268063,占星妖妖,公众：zhanxing2017,28,6056297,f,True,知名情感博主,https://m.weibo.cn/u/1749268063?uid=1749268063&luicode=10000011&lfid=100103type%3D1%26q%3DMate30,上海
1219795431,胡延平Future,Learner * Explorer * Connector...,1960,2326479,m,True,前 DCCI互联网数据中心创始人,https://m.weibo.cn/u/1219795431?uid=1219795431&luicode=10000011&lfid=100103type%3D1%26q%3DMate30,其他
1840918185,科技Yu,性别男，爱好数码，没事发点东西。,1356,232060,m,True,知名数码博主 手机超话粉丝大咖 头条文章作者,https://m.weibo.cn/u/1840918185?uid=1840918185&luicode=10000011&lfid=100103type%3D1%26q%3DMate30,其他
2400814017,科技的那些事,知名科技汽车博主 连续三年17、18、19年十大影响力数码大V～ QQ：2579349049,769,3604124,m,True,微博2019十大影响力数码大V,https://m.weibo.cn/u/2400814017?uid=2400814017&luicode=10000011&lfid=100103type%3D1%26q%3DMate30,北京 朝阳区
3788429711,搞机的风采,一直在努力，期待美好事情来临,3531,133195,m,True,知名互联网资讯博主 微博故事原创作者 新鲜事作者 头条文章作者 微博签约自媒体,https://m.weibo.cn/u/3788429711?uid=3788429711&luicode=10000011&lfid=100103type%3D1%26q%3DMate30,浙江
2376153500,环球资源CANDY_-_WU,,2127,1210,f,False,,https://m.weibo.cn/u/2376153500?uid=2376153500&luicode=10000011&lfid=100103type%3D1%26q%3DMate30,上海 长宁区
2688556445,秀数码,微博商务合作联系方式请私信,793,169970,m,True,知名互联网资讯博主 数码视频自媒体,https://m.weibo.cn/u/2688556445?uid=2688556445&luicode=10000011&lfid=100103type%3D1%26q%3DMate30,陕西 西安
1782998863,赵梓琛·,愛吾所愛，行吾所行，聽從吾心，無問西東。,1578,15947,m,True,数码博主 头条文章作者,https://m.weibo.cn/u/1782998863?uid=1782998863&luicode=10000011&lfid=100103type%3D1%26q%3DMate30,天津
5609650132,闪飞,知道为什么叫闪飞吗？这个名字显瘦。,1062,156485,m,True,知名数码博主 头条文章作者,https://m.weibo.cn/u/5609650132?uid=5609650132&luicode=10000011&lfid=100103type%3D1%26q%3DMate30,河南 郑州
1417975257,科技涅槃说,资深IT/数码评测达人，极客力量评测团队联合创始人,450,339044,m,True,知名数码博主 ZOL联盟“Z神通”成员，江西荣威350车友会会长 微博签约自媒体,https://m.weibo.cn/u/1417975257?uid=1417975257&luicode=10000011&lfid=100103type%3D1%26q%3DMate30,海外 其他
5132930861,笨笨搞机,随心、随性、随缘，个人微博传输个人观点，请勿过分解读……QQ:2579349049，电话:17600842753，邮箱imsocial@inmyshow.com,727,1293087,m,True,知名数码博主 微博签约自媒体,https://m.weibo.cn/u/5132930861?uid=5132930861&luicode=10000011&lfid=100103type%3D1%26q%3DMate30,重庆
1823630913,C科技,C科技：一只安静的科技狗。关注科技与数码资讯，投稿、爆料、合作，请私信。,3355,1940381,m,True,C科技联合创始人兼总编黄小文 知名数码博主,https://m.weibo.cn/u/1823630913?uid=1823630913&luicode=10000011&lfid=100103type%3D1%26q%3DMate30,北京
5032311013,科技ID,科技 互联 生活~,242,3478,m,True,知名数码博主 头条文章作者,https://m.weibo.cn/u/5032311013?uid=5032311013&luicode=10000011&lfid=100103type%3D1%26q%3DMate30,湖南 长沙
2550198830,H_花花玩家,,734,845104,m,True,知名数码博主 头条文章作者,https://m.weibo.cn/u/2550198830?uid=2550198830&luicode=10000011&lfid=100103type%3D1%26q%3DMate30,北京 朝阳区
1771017150,数懒小姐姐,爱摄影的数码小妹&amp;三次元重口向&amp;二次元腐女&amp;爱旅游的无敌吃货,2064,22987,f,True,知名数码博主 头条文章作者,https://m.weibo.cn/u/1771017150?uid=1771017150&luicode=10000011&lfid=100103type%3D1%26q%3DMate30,广东
2107947800,明晞十八,数码博主，头条文章作者。,235,8059,m,True,知名数码博主 头条文章作者,https://m.weibo.cn/u/2107947800?uid=2107947800&luicode=10000011&lfid=100103type%3D1%26q%3DMate30,湖北 武汉
2281454430,大肥皂,本账号言论仅代表个人观点,2339,201970,m,True,微博牧场计划合作达人 头条文章作者 微博签约自媒体,https://m.weibo.cn/u/2281454430?uid=2281454430&luicode=10000011&lfid=100103type%3D1%26q%3DMate30,上海
1563458343,毒舌数码,less is more,896,305294,m,True,知名数码博主,https://m.weibo.cn/u/1563458343?uid=1563458343&luicode=10000011&lfid=100103type%3D1%26q%3DMate30,海外 美国
6199957678,啾密一口,说废话专用博,219,128,f,False,,https://m.weibo.cn/u/6199957678?uid=6199957678&luicode=10000011&lfid=100103type%3D1%26q%3DMate30,江苏
2963774131,搞机二师兄,微信公众号“数码科技大爆炸”,308,85497,m,True,知名数码博主 头条文章作者,https://m.weibo.cn/u/2963774131?uid=2963774131&luicode=10000011&lfid=100103type%3D1%26q%3DMate30,广东 广州
6584134919,十鬼x,单身姬佬/rng铁皇杂/jz莫挨老子/wsc你妈必死,308,128,f,False,,https://m.weibo.cn/u/6584134919?uid=6584134919&luicode=10000011&lfid=100103type%3D1%26q%3DMate30,湖南 长沙
1074526074,大儿头头儿大,年幼无知 认真你就输了,279,298,m,False,,https://m.weibo.cn/u/1074526074?uid=1074526074&luicode=10000011&lfid=100103type%3D1%26q%3DMate30,北京 朝阳区
5113789403,这位同学叫晓雨,科技界的知名段子手/二手爆料达人/数码点评人,1374,43533,m,True,知名数码博主 头条文章作者 微博签约自媒体,https://m.weibo.cn/u/5113789403?uid=5113789403&luicode=10000011&lfid=100103type%3D1%26q%3DMate30,山东 东营
2495491851,稷下过客,关注手机资讯，热点 数码信息,8238,8267,m,True,头条文章作者,https://m.weibo.cn/u/2495491851?uid=2495491851&luicode=10000011&lfid=100103type%3D1%26q%3DMate30,山东
1793455863,当夏在此,,294,2181,m,False,,https://m.weibo.cn/u/1793455863?uid=1793455863&luicode=10000011&lfid=100103type%3D1%26q%3DMate30,其他
5327483983,科技Daily,"合作洽谈请加QQ：347410165（备注合作方向需求）Forget about them, move on.",1109,303125,m,True,知名互联网资讯博主 头条文章作者 微博签约自媒体,https://m.weibo.cn/u/5327483983?uid=5327483983&luicode=10000011&lfid=100103type%3D1%26q%3DMate30,北京
1938427540,IT最时尚,分享最时尚最流行的IT数码资讯,166,112266,f,False,,https://m.weibo.cn/u/1938427540?uid=1938427540&luicode=10000011&lfid=100103type%3D1%26q%3DMate30,北京 东城区
2824103313,双下颏儿丶,为您带来最新的科技资讯、我是科技的搬运工、努力成为科技的创作者。,328,13252,m,True,数码博主 数码视频自媒体,https://m.weibo.cn/u/2824103313?uid=2824103313&luicode=10000011&lfid=100103type%3D1%26q%3DMate30,甘肃
2036941701,Houcz魍魉狰狞,,28,55,m,False,,https://m.weibo.cn/u/2036941701?uid=2036941701&luicode=10000011&lfid=100103type%3D1%26q%3DMate30,广东 深圳
1751981481,莲蓉酥Lotus,国家三级心理咨询师、数码博主、新媒体人,586,2122,m,True,数码博主 数码视频自媒体,https://m.weibo.cn/u/1751981481?uid=1751981481&luicode=10000011&lfid=100103type%3D1%26q%3DMate30,山东 烟台
1887584050,B面歌王,矮子观场难免人云亦云，一对雌雄眼果然睁一眼闭一眼。,595,474,m,False,,https://m.weibo.cn/u/1887584050?uid=1887584050&luicode=10000011&lfid=100103type%3D1%26q%3DMate30,上海 徐汇区
1724908527,oyuano快乐,,325,183,f,False,,https://m.weibo.cn/u/1724908527?uid=1724908527&luicode=10000011&lfid=100103type%3D1%26q%3DMate30,浙江 温州
1044538337,地毯家园,愿天天都有好心情！,2636,1931,m,True,北京威雅阁家居装饰中心 法人,https://m.weibo.cn/u/1044538337?uid=1044538337&luicode=10000011&lfid=100103type%3D1%26q%3DMate30,北京
2493428177,破碎小小多,曲中人,57,134,m,True,中国图库签约摄影师 情感博主,https://m.weibo.cn/u/2493428177?uid=2493428177&luicode=10000011&lfid=100103type%3D1%26q%3DMate30,江苏 南京
1789651114,Ark咔嚓一下,也知酣梦易成空，不如归去闲中好。 海洛、亚朵签约,329,78344,m,True,知名数码博主 荣耀智慧屏超话主持人,https://m.weibo.cn/u/1789651114?uid=1789651114&luicode=10000011&lfid=100103type%3D1%26q%3DMate30,安徽
3775056661,巍岳钦禹,我这个人没什么野心，就是很单纯的想发个财而已，如果不能一夜暴富，两夜也行……,4485,7427469,m,True,知名互联网资讯博主,https://m.weibo.cn/u/3775056661?uid=3775056661&luicode=10000011&lfid=100103type%3D1%26q%3DMate30,其他
2691153085,Yiho33_,步履不停,634,2326,m,False,,https://m.weibo.cn/u/2691153085?uid=2691153085&luicode=10000011&lfid=100103type%3D1%26q%3DMate30,河南 郑州
1538969534,FLA05,O(∩_∩)O,168,398,f,False,,https://m.weibo.cn/u/1538969534?uid=1538969534&luicode=10000011&lfid=100103type%3D1%26q%3DMate30,上海
1303945933,几伟苟,"江海之所以能为百谷王者,以其善下之",1114,9787,m,True,搞笑幽默博主,https://m.weibo.cn/u/1303945933?uid=1303945933&luicode=10000011&lfid=100103type%3D1%26q%3DMate30,山西 太原
5671478083,Peter的微薄,,152,340,m,False,,https://m.weibo.cn/u/5671478083?uid=5671478083&luicode=10000011&lfid=100103type%3D1%26q%3DMate30,广东 广州
1457674193,隐形冠军,时尚科技达人,1998,10774,f,True,数码博主,https://m.weibo.cn/u/1457674193?uid=1457674193&luicode=10000011&lfid=100103type%3D1%26q%3DMate30,上海 长宁区
2824459903,控制者Ctr,,192,264,m,False,,https://m.weibo.cn/u/2824459903?uid=2824459903&luicode=10000011&lfid=100103type%3D1%26q%3DMate30,海外 英国
5523235169,micy佐-科技数码,中国（上海）科技数码自媒体 Weibo digital media accounts Shanghai China Comptes médias numériques Weibo Shanghai Chine,376,28013,m,True,数码博主 新鲜事作者 头条文章作者,https://m.weibo.cn/u/5523235169?uid=5523235169&luicode=10000011&lfid=100103type%3D1%26q%3DMate30,上海
2658592017,AI日不落帝国11,中国浙江温州市鹿城区丰门街道（身份证地址父母居住）屿头安心公寓二期二幢四单元507本人自己居住！龚国强@人脸识别CEO：15990755491,334,269,m,False,,https://m.weibo.cn/u/2658592017?uid=2658592017&luicode=10000011&lfid=100103type%3D1%26q%3DMate30,浙江 温州
6465249620,Skk16688,,150,31,m,False,,https://m.weibo.cn/u/6465249620?uid=6465249620&luicode=10000011&lfid=100103type%3D1%26q%3DMate30,其他
5206839690,沄然,是非入耳君须忍 半作痴呆半作聋,49,90,m,False,,https://m.weibo.cn/u/5206839690?uid=5206839690&luicode=10000011&lfid=100103type%3D1%26q%3DMate30,辽宁
6577712059,怪蜀黍吴方杰,在校学生,61,74,m,False,,https://m.weibo.cn/u/6577712059?uid=6577712059&luicode=10000011&lfid=100103type%3D1%26q%3DMate30,安徽
2658321654,ssssS7867_,心灵鸡汤池,294,125,f,False,,https://m.weibo.cn/u/2658321654?uid=2658321654&luicode=10000011&lfid=100103type%3D1%26q%3DMate30,其他
6055014839,腾飞爱科技,科技改变生活，爱数码，爱科技，爱生活。,1452,21357,m,True,知名数码博主 头条文章作者,https://m.weibo.cn/u/6055014839?uid=6055014839&luicode=10000011&lfid=100103type%3D1%26q%3DMate30,甘肃 兰州
2268574107,五月数码科技,“Z神通”成员，微博自媒体，数码资讯达人，自媒体全覆盖,1532,16897,m,True,知名互联网资讯博主 头条文章作者 微博签约自媒体,https://m.weibo.cn/u/2268574107?uid=2268574107&luicode=10000011&lfid=100103type%3D1%26q%3DMate30,山东 济南
5817405311,Nanoka,一个🇨🇳 饭圈👧🏻/哥斯达黎加女高中生的葱省学伴,445,464,f,False,,https://m.weibo.cn/u/5817405311?uid=5817405311&luicode=10000011&lfid=100103type%3D1%26q%3DMate30,北京 西城区
5713365044,HHP良,关注数码、科技，原创视频内容制作，佛系博主,544,328078,m,True,微博vlog博主 知名数码博主 微博签约自媒体,https://m.weibo.cn/u/5713365044?uid=5713365044&luicode=10000011&lfid=100103type%3D1%26q%3DMate30,安徽 合肥
1733128343,COLA欢妞,不愿意一眼从年轻望到老。,464,398,f,False,,https://m.weibo.cn/u/1733128343?uid=1733128343&luicode=10000011&lfid=100103type%3D1%26q%3DMate30,海外 英国
2236185177,宋敬亭,资深数码爱好者，分享最新数码资讯…,968,55995,m,True,知名数码博主,https://m.weibo.cn/u/2236185177?uid=2236185177&luicode=10000011&lfid=100103type%3D1%26q%3DMate30,河北
6394895439,冯冬阳,猛兽总是独行，牛羊才成群结队。,253,11578,m,True,荣耀20超话小主持人,https://m.weibo.cn/u/6394895439?uid=6394895439&luicode=10000011&lfid=100103type%3D1%26q%3DMate30,四川 成都
2593900340,敬天爱人守住时光,华为手机贴膜部经理，最近我有点小苦恼，妈妈生的我英俊又聪明，我自己又这么努力，会不会太过分了。,356,243,m,False,,https://m.weibo.cn/u/2593900340?uid=2593900340&luicode=10000011&lfid=100103type%3D1%26q%3DMate30,湖北
1165735600,李东_Dony,我为人民卖好茶！～～ 一个手机、数码、摄影爱好者。。。,341,698,m,False,,https://m.weibo.cn/u/1165735600?uid=1165735600&luicode=10000011&lfid=100103type%3D1%26q%3DMate30,福建 厦门
6221258801,南南堡堡,,78,187,m,False,,https://m.weibo.cn/u/6221258801?uid=6221258801&luicode=10000011&lfid=100103type%3D1%26q%3DMate30,上海
1874424022,互联网_乱侃秀,是你变了吗？,186,175,m,False,,https://m.weibo.cn/u/1874424022?uid=1874424022&luicode=10000011&lfid=100103type%3D1%26q%3DMate30,湖南 长沙
6372124071,是盏甜酒,写文不就图个自己爽(ง •̀_•́)ง,11,3083,f,False,,https://m.weibo.cn/u/6372124071?uid=6372124071&luicode=10000011&lfid=100103type%3D1%26q%3DMate30,浙江 杭州
7238686432,小喵玩科技,VX：15600867168  一只喜欢科技数码的理工喵,251,31227,m,True,Flyme超话小主持人 消费数码答主,https://m.weibo.cn/u/7238686432?uid=7238686432&luicode=10000011&lfid=100103type%3D1%26q%3DMate30,北京 东城区
6398021021,蓝胖子的vivonexs旗舰版,非酋在这里，不接受反驳。,2886,656,f,False,,https://m.weibo.cn/u/6398021021?uid=6398021021&luicode=10000011&lfid=100103type%3D1%26q%3DMate30,广东
1912909381,大明的幸福生活,来到这世上本就一无所有，也没打算活着回去，走得时候依然身无外物，除了可以带走回忆，其他没什么会失去,799,634,m,False,,https://m.weibo.cn/u/1912909381?uid=1912909381&luicode=10000011&lfid=100103type%3D1%26q%3DMate30,山东 青岛
5743386999,行长菌,源于金融圈的数码爱好者,680,755751,m,True,知名数码博主 微博牧场计划合作达人 头条文章作者,https://m.weibo.cn/u/5743386999?uid=5743386999&luicode=10000011&lfid=100103type%3D1%26q%3DMate30,山东
3962138475,HoraceLv,生命的意义就是成为你自己,229,126,m,False,,https://m.weibo.cn/u/3962138475?uid=3962138475&luicode=10000011&lfid=100103type%3D1%26q%3DMate30,辽宁 沈阳
1769228100,长安数码君,最新手机数码资讯,266,134205,m,True,知名数码博主 头条文章作者 微博签约自媒体,https://m.weibo.cn/u/1769228100?uid=1769228100&luicode=10000011&lfid=100103type%3D1%26q%3DMate30,陕西 西安
3877703534,大神Vacant,,85,62633,m,False,,https://m.weibo.cn/u/3877703534?uid=3877703534&luicode=10000011&lfid=100103type%3D1%26q%3DMate30,广东 深圳
5638844117,So-boy,车狂,103,510,m,False,,https://m.weibo.cn/u/5638844117?uid=5638844117&luicode=10000011&lfid=100103type%3D1%26q%3DMate30,广东 珠海
2121979327,专业数码评测员,我是专业的数码爱好者.音晌发烧友.茶艺专家.汽车教父.手机专业评测员.如果你喜欢其中一种就关注我吧！,22,1471,m,False,,https://m.weibo.cn/u/2121979327?uid=2121979327&luicode=10000011&lfid=100103type%3D1%26q%3DMate30,广东 广州
6112206424,科技芯事件,"时至今日,还有谁不从众?科技芯事件,那个钟情于独立测评的团队。只有疯狂到以为自己能够改变世界的人，才能真正改变世界。",272,8053,m,True,数码博主,https://m.weibo.cn/u/6112206424?uid=6112206424&luicode=10000011&lfid=100103type%3D1%26q%3DMate30,河北
2815810527,红网幽兰,人文關懷 總在悲哀至極後到來 人們卻依舊相信什麼未來會更精彩,283,191,m,False,,https://m.weibo.cn/u/2815810527?uid=2815810527&luicode=10000011&lfid=100103type%3D1%26q%3DMate30,天津 南开区
1769926317,AUPU奥普,1993年，奥普诞生了第一台浴霸。从灯暖浴霸到风暖浴霸，再到智能集成家居，奥普坚持以“为家人创造产品”的初心研发设计产品，至今已有浴霸、集成吊顶、智能晾衣机等七大核心品类。未来，奥普坚持“为爱设计”的品牌理念，为每个家庭创造温暖、健康与美！,309,127700,f,True,AUPU奥普  官方微博,https://m.weibo.cn/u/1769926317?uid=1769926317&luicode=10000011&lfid=100103type%3D1%26q%3DMate30,浙江 杭州
1408740583,流年幻像,让时间说真话，虽然我也害怕。,472,748,f,False,,https://m.weibo.cn/u/1408740583?uid=1408740583&luicode=10000011&lfid=100103type%3D1%26q%3DMate30,吉林 长春
5366762845,天焕,每天给大家分享一些互联网趣事和一些手机行业内幕。 对数码很有兴趣，有机会大家一起玩。 其他合作请私信。,1285,14548,m,True,知名互联网资讯博主 数码视频自媒体,https://m.weibo.cn/u/5366762845?uid=5366762845&luicode=10000011&lfid=100103type%3D1%26q%3DMate30,广东
2706198463,鲜榨菠萝汁zzz,随心,29,448,f,False,,https://m.weibo.cn/u/2706198463?uid=2706198463&luicode=10000011&lfid=100103type%3D1%26q%3DMate30,湖北 武汉
1483330984,侯宁,人称＂空军司令＂，财富苍生之醉观者。长篇小说《财富苍生-槐花蛇》作者，侯宁微店https://d.weidian.com/single/#/main,705,3731738,m,True,独立财经观察家，时评家、社会学者、职业投资人 微博签约自媒体,https://m.weibo.cn/u/1483330984?uid=1483330984&luicode=10000011&lfid=100103type%3D1%26q%3DMate30,北京
5537675126,BT-SISHEN,原全军出击BT联合战队队长,131,12891,m,False,,https://m.weibo.cn/u/5537675126?uid=5537675126&luicode=10000011&lfid=100103type%3D1%26q%3DMate30,其他
6090644851,科技带你走进生活,微博科技产品测评账号,26,118815,m,True,微博泛科普视频自媒体,https://m.weibo.cn/u/6090644851?uid=6090644851&luicode=10000011&lfid=100103type%3D1%26q%3DMate30,北京
5059953499,国风美男,爱美女也爱美男。,926,3044,m,False,,https://m.weibo.cn/u/5059953499?uid=5059953499&luicode=10000011&lfid=100103type%3D1%26q%3DMate30,重庆
2126130781,慕容勇气,这个你们应该看不见，所以我高兴写什么就写什么。,699,13967,f,True,知名搞笑幽默博主,https://m.weibo.cn/u/2126130781?uid=2126130781&luicode=10000011&lfid=100103type%3D1%26q%3DMate30,天津 河北区
6400904125,科技小李哥,知名数码自媒体，全网阅读量累计超5亿。,56,10265,m,True,头条文章作者,https://m.weibo.cn/u/6400904125?uid=6400904125&luicode=10000011&lfid=100103type%3D1%26q%3DMate30,其他
2712101922,星幕下的獨行,（原名殇簖2012）,882,821,m,False,,https://m.weibo.cn/u/2712101922?uid=2712101922&luicode=10000011&lfid=100103type%3D1%26q%3DMate30,广东
2398012105,科技小布,不一样的你，不一样的科技资讯。,461,160966,m,True,知名数码博主 头条文章作者 微博签约自媒体,https://m.weibo.cn/u/2398012105?uid=2398012105&luicode=10000011&lfid=100103type%3D1%26q%3DMate30,浙江 绍兴
1100856704,余承东,定位决定地位，眼界决定境界,256,7279208,m,True,华为消费者业务CEO 华为常务董事,https://m.weibo.cn/u/1100856704?uid=1100856704&luicode=10000011&lfid=100103type%3D1%26q%3DMate30,广东 广州
5738655077,这橙子好甜,再快的86也追不上大叔的奔驰,123,290,m,False,,https://m.weibo.cn/u/5738655077?uid=5738655077&luicode=10000011&lfid=100103type%3D1%26q%3DMate30,江苏 扬州
5993549571,小米李思宇,,69,148,m,False,,https://m.weibo.cn/u/5993549571?uid=5993549571&luicode=10000011&lfid=100103type%3D1%26q%3DMate30,上海
3046937555,小黑豆晒黑了-,2020支付宝中国锦鲤，土木工程师,373,210,m,False,,https://m.weibo.cn/u/3046937555?uid=3046937555&luicode=10000011&lfid=100103type%3D1%26q%3DMate30,江西
6297862137,发光的小张,数码圈新人,158,151,m,False,,https://m.weibo.cn/u/6297862137?uid=6297862137&luicode=10000011&lfid=100103type%3D1%26q%3DMate30,河北
6933206374,宸宝糖宝,程序媛,353,186,f,False,,https://m.weibo.cn/u/6933206374?uid=6933206374&luicode=10000011&lfid=100103type%3D1%26q%3DMate30,陕西
6174602953,金剪刀开箱,看开箱，长见识！,295,503344,m,True,知名数码博主 数码视频自媒体,https://m.weibo.cn/u/6174602953?uid=6174602953&luicode=10000011&lfid=100103type%3D1%26q%3DMate30,山东 青岛
6863211597,种菜依旧东篱下,,67,34,m,False,,https://m.weibo.cn/u/6863211597?uid=6863211597&luicode=10000011&lfid=100103type%3D1%26q%3DMate30,广东
6124786660,九曲回肠54886,,913,210,m,False,,https://m.weibo.cn/u/6124786660?uid=6124786660&luicode=10000011&lfid=100103type%3D1%26q%3DMate30,其他
1865051515,zyzy168,科技指南：论坛资深人士，涉猎pc，笔电，手机平板等数码海洋中。永远扎根于数码草民之中，做永不衰老的小白。,1409,110347,m,True,互联网资讯博主 ZOL自媒体联盟“Z神通”成员 头条文章作者 微博签约自媒体,https://m.weibo.cn/u/1865051515?uid=1865051515&luicode=10000011&lfid=100103type%3D1%26q%3DMate30,北京 平谷区
5588805382,科技Mentor,点个赞！给个关注！ 这里没有千篇一律，只有与众不同！ 选手机的疑问大家自可丢过来，百问百答！,169,2551,m,True,头条文章作者,https://m.weibo.cn/u/5588805382?uid=5588805382&luicode=10000011&lfid=100103type%3D1%26q%3DMate30,其他
6083984625,IT总司令,人生导师，致富之路领导者,317,408306,m,True,知名数码博主,https://m.weibo.cn/u/6083984625?uid=6083984625&luicode=10000011&lfid=100103type%3D1%26q%3DMate30,北京 东城区
2951791080,哈喽nicheng2012来了,不赖我！,1613,2875,m,False,,https://m.weibo.cn/u/2951791080?uid=2951791080&luicode=10000011&lfid=100103type%3D1%26q%3DMate30,上海 浦东新区
5201697679,科技粒子,再渺小，也要做自由的存在……,99,84,m,False,,https://m.weibo.cn/u/5201697679?uid=5201697679&luicode=10000011&lfid=100103type%3D1%26q%3DMate30,天津 南开区
1317660957,股市超级宝典,,2279,4180,f,False,,https://m.weibo.cn/u/1317660957?uid=1317660957&luicode=10000011&lfid=100103type%3D1%26q%3DMate30,北京 海淀区
1770593742,Y阿舒舒,,291,190,f,False,,https://m.weibo.cn/u/1770593742?uid=1770593742&luicode=10000011&lfid=100103type%3D1%26q%3DMate30,云南 玉溪
6834454269,B总大都督,合作请私信,403,395054,m,True,知名数码博主,https://m.weibo.cn/u/6834454269?uid=6834454269&luicode=10000011&lfid=100103type%3D1%26q%3DMate30,北京 海淀区
3020978233,一个没有故事的死胖子,这个狂热和冲动，早已冷却的如今,429,290,m,False,,https://m.weibo.cn/u/3020978233?uid=3020978233&luicode=10000011&lfid=100103type%3D1%26q%3DMate30,江苏 南京
1663983930,华为何刚,华为手机产品线总裁。定位决定地位，眼界决定境界。,330,1574643,m,True,华为终端手机产品线总裁,https://m.weibo.cn/u/1663983930?uid=1663983930&luicode=10000011&lfid=100103type%3D1%26q%3DMate30,上海
2425008841,看不惯-----,,1141,750,m,False,,https://m.weibo.cn/u/2425008841?uid=2425008841&luicode=10000011&lfid=100103type%3D1%26q%3DMate30,海南 海口
1404371011,死心眼与一顺偏,爱家人爱自己爱健康爱漫画,58,393,f,False,,https://m.weibo.cn/u/1404371011?uid=1404371011&luicode=10000011&lfid=100103type%3D1%26q%3DMate30,北京 西城区
2764005051,金牌数码,没什么，小痞子一枚……,82,100340,f,True,数码博主,https://m.weibo.cn/u/2764005051?uid=2764005051&luicode=10000011&lfid=100103type%3D1%26q%3DMate30,江苏
6311415301,MYMelainel,想做一个不一样的人,171,170,m,True,华为正式发布鸿蒙超话主持人,https://m.weibo.cn/u/6311415301?uid=6311415301&luicode=10000011&lfid=100103type%3D1%26q%3DMate30,安徽 合肥
2186510287,chen_perfect,愿有人陪你颠沛流离。,152,629,m,False,,https://m.weibo.cn/u/2186510287?uid=2186510287&luicode=10000011&lfid=100103type%3D1%26q%3DMate30,湖北 武汉
1559056667,进击的锅包肉儿,个人账号。非营销 选手机找我就对了。帮你参谋。  简单日常、数码、应用、业余拍照 。,3994,4808,m,True,新鲜事作者 荣耀V20超话小主持人,https://m.weibo.cn/u/1559056667?uid=1559056667&luicode=10000011&lfid=100103type%3D1%26q%3DMate30,辽宁 沈阳
2414926564,大牛de天儿是堂良,我喜欢的人，超A超优秀,1323,1017,f,False,,https://m.weibo.cn/u/2414926564?uid=2414926564&luicode=10000011&lfid=100103type%3D1%26q%3DMate30,河北
1642632024,新浪手机,新浪手机官方微博，网罗全球最新最酷手机资讯！欢迎报料、投稿，请发私信或者邮件（digiweibo@sina.com）,568,1585234,f,True,新浪手机官方微博,https://m.weibo.cn/u/1642632024?uid=1642632024&luicode=10000011&lfid=100103type%3D1%26q%3DMate30,北京
5738771023,搞机Time,知名数码博主，微博签约自媒体，合作私信,1382,274848,m,True,知名数码博主 头条文章作者 微博签约自媒体,https://m.weibo.cn/u/5738771023?uid=5738771023&luicode=10000011&lfid=100103type%3D1%26q%3DMate30,北京
6510467902,官两岁,微博认证：知名互联网资讯博主,102,467,m,True,mate30超话主持人,https://m.weibo.cn/u/6510467902?uid=6510467902&luicode=10000011&lfid=100103type%3D1%26q%3DMate30,其他
3819935798,纯洁的雷莲花,我是一个在黑暗中大雪纷飞的人啊,79,825,f,False,,https://m.weibo.cn/u/3819935798?uid=3819935798&luicode=10000011&lfid=100103type%3D1%26q%3DMate30,江苏
3866429926,科技C先生,数码博主 合作直接私信,1202,142351,m,True,知名数码博主 微博牧场计划合作达人 新鲜事金牌作者 微博故事原创作者 头条文章作者,https://m.weibo.cn/u/3866429926?uid=3866429926&luicode=10000011&lfid=100103type%3D1%26q%3DMate30,安徽
3219277332,亲哭你123,多看书少冲浪,463,226,f,False,,https://m.weibo.cn/u/3219277332?uid=3219277332&luicode=10000011&lfid=100103type%3D1%26q%3DMate30,浙江 杭州
6021003247,阿莫学长,写东西的。,168,5658644,m,True,知名情感博主 视频自媒体 微博签约自媒体,https://m.weibo.cn/u/6021003247?uid=6021003247&luicode=10000011&lfid=100103type%3D1%26q%3DMate30,广东 深圳
1246856883,鹏霄万里,平台：数码视界,592,147684,m,True,知名数码博主 头条文章作者 微博签约自媒体,https://m.weibo.cn/u/1246856883?uid=1246856883&luicode=10000011&lfid=100103type%3D1%26q%3DMate30,北京
6362348798,chi到了千年,普通改变，改变普通。,117,10518,m,True,数码博主,https://m.weibo.cn/u/6362348798?uid=6362348798&luicode=10000011&lfid=100103type%3D1%26q%3DMate30,福建
2836883273,华为手机,做地球人最喜爱的手机,411,14133731,m,True,华为手机产品线官方微博,https://m.weibo.cn/u/2836883273?uid=2836883273&luicode=10000011&lfid=100103type%3D1%26q%3DMate30,广东
2824626113,IT科技侠,创客，创新，智能硬件，数码，炫酷，科技生活。,2421,1907655,m,True,前 科技自媒体作者 微博vlog博主 知名数码博主 数码视频自媒体,https://m.weibo.cn/u/2824626113?uid=2824626113&luicode=10000011&lfid=100103type%3D1%26q%3DMate30,海外
7096232022,2019村里重点扶贫对象,2019：搞钱！考研！,454,4030,f,False,,https://m.weibo.cn/u/7096232022?uid=7096232022&luicode=10000011&lfid=100103type%3D1%26q%3DMate30,广东 广州
5640161887,蜘蛛MX,科技撰稿人丨知乎专栏作者丨签约原创图文作者丨日常分享科技生活,623,79612,m,True,数码博主 新浪众测达人，晨曦科技工作室职员 头条文章作者 微博签约自媒体,https://m.weibo.cn/u/5640161887?uid=5640161887&luicode=10000011&lfid=100103type%3D1%26q%3DMate30,山东 青岛
3359389864,纯洁的万事屋,原账号『老师节操掉了一地』,301,20267,m,False,,https://m.weibo.cn/u/3359389864?uid=3359389864&luicode=10000011&lfid=100103type%3D1%26q%3DMate30,福建 福州
2389641745,AI财经社,阅读时代野心,799,496571,m,True,AI财经社官方微博,https://m.weibo.cn/u/2389641745?uid=2389641745&luicode=10000011&lfid=100103type%3D1%26q%3DMate30,北京
1504145281,许川,资深婚姻与情感咨询师，解决情感案例过万。如果你遇到感情问题、婚姻危机，私信我，我来帮你解决。  商务/市场请联系Tel：18515692555。,3022,11766892,m,True,著名主持人，情感导师，心理专家，媒体评论人,https://m.weibo.cn/u/1504145281?uid=1504145281&luicode=10000011&lfid=100103type%3D1%26q%3DMate30,北京 西城区
1787523097,粉丝-金玉2011,中国非著名手机粉丝。,1590,10974,m,True,头条文章作者,https://m.weibo.cn/u/1787523097?uid=1787523097&luicode=10000011&lfid=100103type%3D1%26q%3DMate30,辽宁 沈阳
7053136699,说机,___人，___己，___行业。,216,25511,m,True,微博故事原创作者,https://m.weibo.cn/u/7053136699?uid=7053136699&luicode=10000011&lfid=100103type%3D1%26q%3DMate30,海外
3986326725,科技威士忌,诗和远方,468,55455,m,True,知名数码博主,https://m.weibo.cn/u/3986326725?uid=3986326725&luicode=10000011&lfid=100103type%3D1%26q%3DMate30,河北
1679260475,五两瘦脖,你在黑暗中连影子都会离开你，所以一定要光明哦。,1200,3112,m,True,数码博主 头条文章作者,https://m.weibo.cn/u/1679260475?uid=1679260475&luicode=10000011&lfid=100103type%3D1%26q%3DMate30,海外
5931380675,科技曼曼谈,科技数码产品爱好者,573,167754,m,True,数码视频自媒体,https://m.weibo.cn/u/5931380675?uid=5931380675&luicode=10000011&lfid=100103type%3D1%26q%3DMate30,湖北
1687243315,孤鸿泽,著名硬核博主,61,28357,m,True,知名互联网资讯博主 头条文章作者,https://m.weibo.cn/u/1687243315?uid=1687243315&luicode=10000011&lfid=100103type%3D1%26q%3DMate30,北京 海淀区
1750349224,贵阳交通广播,贵州首家专业交通广播。与贵阳交警联合创办，独家在贵阳交警指挥大厅设立直播间，信息全面、准确，及时。,671,580976,m,True,贵阳交通广播官方微博,https://m.weibo.cn/u/1750349224?uid=1750349224&luicode=10000011&lfid=100103type%3D1%26q%3DMate30,贵州 贵阳
5103458366,路诞先生,非人类学院院长，著名表脸艺术家                         微信：laenix,1003,666376,m,True,知名互联网资讯博主,https://m.weibo.cn/u/5103458366?uid=5103458366&luicode=10000011&lfid=100103type%3D1%26q%3DMate30,海外
6478617171,82年牛顿,去做些事情吧。,383,10460,m,True,微博vlog博主,https://m.weibo.cn/u/6478617171?uid=6478617171&luicode=10000011&lfid=100103type%3D1%26q%3DMate30,辽宁
6219659855,搞笑汝,在许多问题上我的说法跟前人大不相同，但是我的知识得归功于他们，也得归功于那些最先为这门学说开辟道路的人。－－哥白尼,1607,311700,f,True,知名搞笑幽默博主 时尚美妆视频自媒体,https://m.weibo.cn/u/6219659855?uid=6219659855&luicode=10000011&lfid=100103type%3D1%26q%3DMate30,广东
3229125510,小野妹子学吐槽,图文多转自日文推特，附以无责任吐槽。关注后易节操丧失、下限消亡、性向逆转、生理失调。,38,19316630,m,True,微博知名博主,https://m.weibo.cn/u/3229125510?uid=3229125510&luicode=10000011&lfid=100103type%3D1%26q%3DMate30,海外 其他
6048569942,数码闲聊站,不推荐任何手机。。。,159,150972,m,True,知名数码博主,https://m.weibo.cn/u/6048569942?uid=6048569942&luicode=10000011&lfid=100103type%3D1%26q%3DMate30,其他
3956899137,一是昨天,人生有无限可能,94,384,m,False,,https://m.weibo.cn/u/3956899137?uid=3956899137&luicode=10000011&lfid=100103type%3D1%26q%3DMate30,浙江 嘉兴
5444373732,明宇先生,用我半世沧桑，换你安好无恙。,308,396,m,True,什么样的女生算是渣女超话主持人,https://m.weibo.cn/u/5444373732?uid=5444373732&luicode=10000011&lfid=100103type%3D1%26q%3DMate30,河北
3608351667,旅行志愿者霍前隆,一个旅行者，志愿者！,763,24062,m,True,旅游博主 旅行视频自媒体,https://m.weibo.cn/u/3608351667?uid=3608351667&luicode=10000011&lfid=100103type%3D1%26q%3DMate30,湖北 武汉
2152429945,居士闲谈,游历数码，互联网，科技，码农等各类行业的菜鸟,97,744,m,False,,https://m.weibo.cn/u/2152429945?uid=2152429945&luicode=10000011&lfid=100103type%3D1%26q%3DMate30,山东 临沂
1849808025,哇科技,哇科技哇机圈哇评测。哇哇~手机行业从业者，科技自由撰稿人。,1154,190262,m,True,知名数码博主 头条文章作者 微博签约自媒体,https://m.weibo.cn/u/1849808025?uid=1849808025&luicode=10000011&lfid=100103type%3D1%26q%3DMate30,海外
3190674855,Microsoft资讯,关注获取 Windows 10 最新动态！  汇聚 Microsoft 微软技术和产品的最新动态。 公众号、B站和知乎：Microsoft资讯  微信加群：MSQTXF QQ群：735260439,261,100751,m,True,数码博主 微软超话主持人 新鲜事作者 数码视频自媒体,https://m.weibo.cn/u/3190674855?uid=3190674855&luicode=10000011&lfid=100103type%3D1%26q%3DMate30,海外 美国
5848172287,亿年幸福论,如今你依然是我的光。,176,115,m,False,,https://m.weibo.cn/u/5848172287?uid=5848172287&luicode=10000011&lfid=100103type%3D1%26q%3DMate30,其他
2946839844,科技星辰君,生活不仅仅有数码手机，还有漂亮的小姐姐～个人微博，分享数码资讯及个人观点，有事私信即可。,857,593778,m,True,知名数码博主 头条文章作者 微博签约自媒体,https://m.weibo.cn/u/2946839844?uid=2946839844&luicode=10000011&lfid=100103type%3D1%26q%3DMate30,海外 其他
1604803432,SNOOTY_V,我可是你手中那一朵鲜花 我是不是你心里面的一点红，我可是你手中那一朵鲜花 你会不会好好的疼着我。,496,268,m,False,,https://m.weibo.cn/u/1604803432?uid=1604803432&luicode=10000011&lfid=100103type%3D1%26q%3DMate30,北京 平谷区
6357016358,土豪小六,卖机小仙女,641,810047,f,False,,https://m.weibo.cn/u/6357016358?uid=6357016358&luicode=10000011&lfid=100103type%3D1%26q%3DMate30,广东 深圳
5205967610,喵王-搞机,一只爱搞机的喵,601,164583,m,True,知名数码博主 微博vlog博主 新鲜事金牌作者 数码视频自媒体,https://m.weibo.cn/u/5205967610?uid=5205967610&luicode=10000011&lfid=100103type%3D1%26q%3DMate30,浙江 台州
6517489597,阿声大魔王,日常号，取关无需告知。 合作请私信。,604,163463,f,True,搞笑视频自媒体,https://m.weibo.cn/u/6517489597?uid=6517489597&luicode=10000011&lfid=100103type%3D1%26q%3DMate30,重庆 万州区
6331571251,芒果先生,媒体人,56,1568230,m,True,知名数码博主,https://m.weibo.cn/u/6331571251?uid=6331571251&luicode=10000011&lfid=100103type%3D1%26q%3DMate30,北京
2691364082,安娜hanxueping,人生自古谁无死，留取丹心照汗青,526,46528,f,True,知名美女帅哥资讯博主,https://m.weibo.cn/u/2691364082?uid=2691364082&luicode=10000011&lfid=100103type%3D1%26q%3DMate30,北京
1805479943,只好把岁月画成歌,空,183,297,m,False,,https://m.weibo.cn/u/1805479943?uid=1805479943&luicode=10000011&lfid=100103type%3D1%26q%3DMate30,福建
5803055814,秒董先生,杀死你时间的人,524,162309,m,True,知名数码博主 数码视频自媒体,https://m.weibo.cn/u/5803055814?uid=5803055814&luicode=10000011&lfid=100103type%3D1%26q%3DMate30,北京
6087513985,跳舞的公牛,,426,401,m,False,,https://m.weibo.cn/u/6087513985?uid=6087513985&luicode=10000011&lfid=100103type%3D1%26q%3DMate30,辽宁 鞍山
5136476337,靠谱老范,不知名数码博主、非签约摄影师,1113,480,m,False,,https://m.weibo.cn/u/5136476337?uid=5136476337&luicode=10000011&lfid=100103type%3D1%26q%3DMate30,湖北 武汉
1550829347,科技宇,爱科技 爱生活,123,156,m,False,,https://m.weibo.cn/u/1550829347?uid=1550829347&luicode=10000011&lfid=100103type%3D1%26q%3DMate30,海外
1839167003,华为终端官方微博,华为终端产品信息官方发布平台，这里有第一手的发布会直播、产品详解和互动活动。来，我们一起玩转华为终端！,412,23866151,m,True,华为终端官方微博,https://m.weibo.cn/u/1839167003?uid=1839167003&luicode=10000011&lfid=100103type%3D1%26q%3DMate30,广东
1650043704,驱动之家ZZYQ,科技让人类越来越强大,296,671,m,False,,https://m.weibo.cn/u/1650043704?uid=1650043704&luicode=10000011&lfid=100103type%3D1%26q%3DMate30,河南 郑州
7285482169,小机彩虹,数码博主,1227,2686,m,False,,https://m.weibo.cn/u/7285482169?uid=7285482169&luicode=10000011&lfid=100103type%3D1%26q%3DMate30,河北 邢台
2388600122,Hamilwen,头发越短越油批,832,1115,m,False,,https://m.weibo.cn/u/2388600122?uid=2388600122&luicode=10000011&lfid=100103type%3D1%26q%3DMate30,四川
2557129567,华为中国,华为是全球领先的ICT（信息与通信）基础设施和智能终端提供商，致力于把数字世界带入每个人、每个家庭、每个组织，构建万物互联的智能世界。我们在通信网络、IT、智能终端和云服务等领域为客户提供有竞争力、安全可信赖的产品、解决方案与服务，与生态伙伴开放合作，持续为客户创造价值，释放个人潜能，丰富家庭生活，激发组织创新。华为坚持围绕客户需求持续创新，加大基础研究投入，厚积薄发，推动世界进步。华为成立于1987年，是一家由员工持有全部股份的民营企业，目前有18万员工，业务遍及170多个国家和地区。,274,3065551,m,True,华为技术有限公司（中国区）官方微博,https://m.weibo.cn/u/2557129567?uid=2557129567&luicode=10000011&lfid=100103type%3D1%26q%3DMate30,广东
5119324945,蓝如玉金香,天涯流落思无穷,401,421,m,False,,https://m.weibo.cn/u/5119324945?uid=5119324945&luicode=10000011&lfid=100103type%3D1%26q%3DMate30,湖北
3626485974,HW前HR,公众号：“前HR随笔”，小号：前HR备用。不代表任何公司和其他人；无法保证100%准确。,181,565684,m,True,柏林工业大学珠三角校友俱乐部 理事,https://m.weibo.cn/u/3626485974?uid=3626485974&luicode=10000011&lfid=100103type%3D1%26q%3DMate30,其他
3513834394,多神花花,2019一半数码一半娱乐,716,21669,m,True,知名互联网资讯博主 数码视频自媒体,https://m.weibo.cn/u/3513834394?uid=3513834394&luicode=10000011&lfid=100103type%3D1%26q%3DMate30,江苏
5649318263,IT魅力,商务合作请私信,432,116065,m,True,知名数码博主 头条文章作者 微博签约自媒体,https://m.weibo.cn/u/5649318263?uid=5649318263&luicode=10000011&lfid=100103type%3D1%26q%3DMate30,陕西
6286195345,DukKKtig,被爱好似有靠山,130,2008,f,False,,https://m.weibo.cn/u/6286195345?uid=6286195345&luicode=10000011&lfid=100103type%3D1%26q%3DMate30,浙江
6519818564,虾玩科技,只体验不带货的泛科技视频节目,410,251933,m,True,亿欧官方测评短视频,https://m.weibo.cn/u/6519818564?uid=6519818564&luicode=10000011&lfid=100103type%3D1%26q%3DMate30,北京 东城区
6411646074,科技杰克,非知名数码博主，微博没签约自媒体,423,214297,m,True,知名数码博主,https://m.weibo.cn/u/6411646074?uid=6411646074&luicode=10000011&lfid=100103type%3D1%26q%3DMate30,北京
1879591124,九段小山bitterB,小时候梦想成为特级厨师，后来又梦想成为语文老师，结果一个都没完成。最后成为了一个宅。。,626,16387,m,True,成都胖蜗牛文化传播有限公司 人力资源总监,https://m.weibo.cn/u/1879591124?uid=1879591124&luicode=10000011&lfid=100103type%3D1%26q%3DMate30,四川 成都
5203062525,白斌的公法梦,理论法辅导，华旭司考独家编著《华旭名师课堂-理论法识篇》、《华旭名师课堂-理论法真题篇》《华旭名师课堂-理论法模拟篇》系列教材。,299,408343,m,True,中央财经大学副教授,https://m.weibo.cn/u/5203062525?uid=5203062525&luicode=10000011&lfid=100103type%3D1%26q%3DMate30,北京
5822247710,科技刚子,合作加VX：sky0000011,878,656150,m,True,知名数码博主 资讯视频自媒体,https://m.weibo.cn/u/5822247710?uid=5822247710&luicode=10000011&lfid=100103type%3D1%26q%3DMate30,云南 昆明
1615602191,布依族小青年,认真生活的人,287,1521,m,False,,https://m.weibo.cn/u/1615602191?uid=1615602191&luicode=10000011&lfid=100103type%3D1%26q%3DMate30,广东 广州
2536454572,数科世界,数据+科技=世界,111,439,m,False,,https://m.weibo.cn/u/2536454572?uid=2536454572&luicode=10000011&lfid=100103type%3D1%26q%3DMate30,广东 广州
6722360596,殴什么尅,当突然好想你变成后来的我们,187,441,m,False,,https://m.weibo.cn/u/6722360596?uid=6722360596&luicode=10000011&lfid=100103type%3D1%26q%3DMate30,安徽 淮北
6095765196,阳阳你好,领菁科技编辑，商务合作:lingjingkeji@sina.cn,404,106450,m,True,成都领菁科技有限公司 创始人 知名数码博主,https://m.weibo.cn/u/6095765196?uid=6095765196&luicode=10000011&lfid=100103type%3D1%26q%3DMate30,四川
2728749874,我是老朴,喜欢飙车的IT工程师，偶尔拍拍照，,828,586869,m,True,知名数码博主 头条文章作者 微博签约自媒体,https://m.weibo.cn/u/2728749874?uid=2728749874&luicode=10000011&lfid=100103type%3D1%26q%3DMate30,上海
6478455502,J-Griffin,爆料，资讯，体验上手，有电子产品方面的各种问题欢迎私信我，聊聊天也行～,2915,56713,m,True,知名数码博主 头条文章作者,https://m.weibo.cn/u/6478455502?uid=6478455502&luicode=10000011&lfid=100103type%3D1%26q%3DMate30,天津 河西区
6054958622,三迷有三米呀,热爱橘子汽水💙,185,84,f,False,,https://m.weibo.cn/u/6054958622?uid=6054958622&luicode=10000011&lfid=100103type%3D1%26q%3DMate30,其他
7016060628,铁憨憨鲁萎兵,如果你们让糜苟咬了需要支援就请@我谢谢,142,7773,m,False,,https://m.weibo.cn/u/7016060628?uid=7016060628&luicode=10000011&lfid=100103type%3D1%26q%3DMate30,北京
2194868354,科技疯汇,科技、互联网、数码,1274,1465913,m,True,知名数码博主 互联网观察者 微博vlog博主 头条文章作者 微博签约自媒体,https://m.weibo.cn/u/2194868354?uid=2194868354&luicode=10000011&lfid=100103type%3D1%26q%3DMate30,广东 广州
2998450921,春雨含潮,爱武侠，爱萧朱，爱靖蓉。,258,372,m,False,,https://m.weibo.cn/u/2998450921?uid=2998450921&luicode=10000011&lfid=100103type%3D1%26q%3DMate30,广东 深圳
5300744000,装修-达人,图片来源网络，如侵权，望告知 。,99,20443,f,True,家居博主 装饰超话主持人 头条文章作者,https://m.weibo.cn/u/5300744000?uid=5300744000&luicode=10000011&lfid=100103type%3D1%26q%3DMate30,北京 东城区
5834206267,菜菜贩子,不走心的努力，都是在敷衍自己,68,63799,m,True,财经博主,https://m.weibo.cn/u/5834206267?uid=5834206267&luicode=10000011&lfid=100103type%3D1%26q%3DMate30,其他
2881341924,清绝酒辞影,刀下生，刀下死。,338,128,m,False,,https://m.weibo.cn/u/2881341924?uid=2881341924&luicode=10000011&lfid=100103type%3D1%26q%3DMate30,山东 济南
2200164557,科技疯报,天道酬勤。,1121,626909,m,True,知名数码博主,https://m.weibo.cn/u/2200164557?uid=2200164557&luicode=10000011&lfid=100103type%3D1%26q%3DMate30,广东 深圳
2752375765,财智孙国英,实战理财师 财智金融总经理 固定收益理财 海外资产配置 北大电商特聘专家 财智会 独董会 河南省MBA联盟 河南华友会 财智酣客…发起人 微13526646083,5312,305655,m,True,知名财经博主 老家河南超话小主持人 头条文章作者,https://m.weibo.cn/u/2752375765?uid=2752375765&luicode=10000011&lfid=100103type%3D1%26q%3DMate30,河南 郑州
1896833245,盘点科技黄小平,【盘点科技】自媒体作者，专注数码科技互联网领领域，以评测、资讯以及分析为主，拥有15+平台，全平台粉丝接近20万，如有合作欢迎私聊我！,2185,167977,m,True,头条文章作者 微博签约自媒体,https://m.weibo.cn/u/1896833245?uid=1896833245&luicode=10000011&lfid=100103type%3D1%26q%3DMate30,其他
3487619583,-卢小哒,爱范丞丞...,325,179,f,True,范丞丞超话粉丝大咖,https://m.weibo.cn/u/3487619583?uid=3487619583&luicode=10000011&lfid=100103type%3D1%26q%3DMate30,广东
2001271111,在現心动forever,我是李现ing也关注不了的美少女。⛈,290,51,f,True,五河打捞队超话小主持人,https://m.weibo.cn/u/2001271111?uid=2001271111&luicode=10000011&lfid=100103type%3D1%26q%3DMate30,四川 成都
5859784681,寒江陪着烟火,归时长路尽头  幸有故人侯,1245,264,f,False,,https://m.weibo.cn/u/5859784681?uid=5859784681&luicode=10000011&lfid=100103type%3D1%26q%3DMate30,山东 青岛
3159162420,苏苏小萌新,开心就好,186,440,f,True,电视剧视频自媒体,https://m.weibo.cn/u/3159162420?uid=3159162420&luicode=10000011&lfid=100103type%3D1%26q%3DMate30,浙江
6596931684,数码IT,一个很爱数码科技的博主,9,1733345,m,False,,https://m.weibo.cn/u/6596931684?uid=6596931684&luicode=10000011&lfid=100103type%3D1%26q%3DMate30,海外
5967506350,作精行为艺术报告,京津冀最飒女明星爱好者。,181,12933,f,True,饭制视频自媒体,https://m.weibo.cn/u/5967506350?uid=5967506350&luicode=10000011&lfid=100103type%3D1%26q%3DMate30,安徽
5322506392,执剑天涯行仗义,偶尔看看,382,128,m,False,,https://m.weibo.cn/u/5322506392?uid=5322506392&luicode=10000011&lfid=100103type%3D1%26q%3DMate30,湖南 衡阳
1875501921,陈星言xm,人格化品牌·自然系养生护肤·阅读健身·生活美学,457,11357,f,True,  厦门日报社海峡生活报 事业部副主任/新媒体负责人,https://m.weibo.cn/u/1875501921?uid=1875501921&luicode=10000011&lfid=100103type%3D1%26q%3DMate30,福建 厦门
5983072859,Perfect-babyboy,超级中二中年大叔马牙槎,521,116,m,False,,https://m.weibo.cn/u/5983072859?uid=5983072859&luicode=10000011&lfid=100103type%3D1%26q%3DMate30,安徽
5312212001,科技智羽,手机、数码,653,89245,m,True,数码博主 数码视频自媒体,https://m.weibo.cn/u/5312212001?uid=5312212001&luicode=10000011&lfid=100103type%3D1%26q%3DMate30,河北 石家庄
5688313870,秦砖汉瓦无言,从象牙塔直下十八层，亲历柜台交易老八股认购证，冷眼一锅端监管，穿越密集地雷阵，练就铁布神功，秦时明月汉时关，万里长征人未还。,500,10077,m,True,知名财经博主 头条文章作者,https://m.weibo.cn/u/5688313870?uid=5688313870&luicode=10000011&lfid=100103type%3D1%26q%3DMate30,上海 黄浦区
5525269857,冲泡泡的小糖Q,Nice to meet you💛,1353,1750,f,False,,https://m.weibo.cn/u/5525269857?uid=5525269857&luicode=10000011&lfid=100103type%3D1%26q%3DMate30,江苏 南京
1481944214,飞象网项立刚,中关村信息消费联盟理事长。720健康管家创始人 飞象网创始人 《通信世界》创始人,2511,1030700,m,True,5G时代超话主持人 微博签约自媒体,https://m.weibo.cn/u/1481944214?uid=1481944214&luicode=10000011&lfid=100103type%3D1%26q%3DMate30,北京
2273464211,王-Danna,阿弥陀佛,397,1425,f,False,,https://m.weibo.cn/u/2273464211?uid=2273464211&luicode=10000011&lfid=100103type%3D1%26q%3DMate30,辽宁 沈阳
1574310935,葱爆乌龟肉_萌貝家滴夏睿昕,✎就是高冷°,199,1627,f,True,黄轩超话粉丝大咖,https://m.weibo.cn/u/1574310935?uid=1574310935&luicode=10000011&lfid=100103type%3D1%26q%3DMate30,上海 黄浦区
1671435281,蒂凡cream,,20,205,f,False,,https://m.weibo.cn/u/1671435281?uid=1671435281&luicode=10000011&lfid=100103type%3D1%26q%3DMate30,福建 泉州
5602849620,马四火_,微博认证：重度手机用户,167,244,m,False,,https://m.weibo.cn/u/5602849620?uid=5602849620&luicode=10000011&lfid=100103type%3D1%26q%3DMate30,黑龙江
1135743511,MU-looky,三分钟热度，路痴，乐观的悲观主义者,256,128,m,False,,https://m.weibo.cn/u/1135743511?uid=1135743511&luicode=10000011&lfid=100103type%3D1%26q%3DMate30,浙江 嘉兴
1866129837,tygersun,《大连街拍》总编；大连海洋大学校党委宣传统战部助理研究员；大连俊杰网络科技有限公司CEO,663,222030,m,True,大连海洋大学讲师，大连俊杰有限公司ceo孙谦,https://m.weibo.cn/u/1866129837?uid=1866129837&luicode=10000011&lfid=100103type%3D1%26q%3DMate30,辽宁
1957091483,宝瑞斯,热爱数码产品，热爱互联网，热爱旅行，热爱美好,620,3731,m,True,摄影博主 旅行视频自媒体,https://m.weibo.cn/u/1957091483?uid=1957091483&luicode=10000011&lfid=100103type%3D1%26q%3DMate30,海外
6530021417,光哥土鸡蛋,中国全程无抗土鸡养殖先行者,615,11903,m,False,,https://m.weibo.cn/u/6530021417?uid=6530021417&luicode=10000011&lfid=100103type%3D1%26q%3DMate30,广东
5951375669,波普独角兽,,330,2293281,m,True,知名电影博主 音乐视频自媒体,https://m.weibo.cn/u/5951375669?uid=5951375669&luicode=10000011&lfid=100103type%3D1%26q%3DMate30,海外
1640766861,喜脉洗脉,是女的。,1192,11370301,f,True,微博知名博主,https://m.weibo.cn/u/1640766861?uid=1640766861&luicode=10000011&lfid=100103type%3D1%26q%3DMate30,辽宁
3276613323,好哒姐,告别错的，才能和对的相逢。,246,36629,f,False,,https://m.weibo.cn/u/3276613323?uid=3276613323&luicode=10000011&lfid=100103type%3D1%26q%3DMate30,上海 浦东新区
1752130311,爱上蓝天的金鱼,"I was born on this ship, and the world passed me by.",127,15,m,False,,https://m.weibo.cn/u/1752130311?uid=1752130311&luicode=10000011&lfid=100103type%3D1%26q%3DMate30,江西 九江
6391433477,科技小蜀黍,我是科技博主，不是搞笑博主！内容来源于网络侵删，商务合作加 V：jiang0017_,249,1611599,m,True,知名数码博主 视频自媒体,https://m.weibo.cn/u/6391433477?uid=6391433477&luicode=10000011&lfid=100103type%3D1%26q%3DMate30,北京 东城区
5583276453,在万花谷长大的,一醉江湖三十春，焉得书剑解红尘。,154,85,m,False,,https://m.weibo.cn/u/5583276453?uid=5583276453&luicode=10000011&lfid=100103type%3D1%26q%3DMate30,上海 黄浦区
6529606182,桃花岛主张钧翔,关注商业、科技、人文。,85,5553,m,False,,https://m.weibo.cn/u/6529606182?uid=6529606182&luicode=10000011&lfid=100103type%3D1%26q%3DMate30,北京 东城区
1843170992,人才76116,投融资咨询、分析，企业并购尽职调查，专业市场调研及财务咨询（投资需要信仰，我们坚持走在寻找成长股的独木桥上，所以我们崇尚长期投资并保持谦卑）,160,477626,m,True,知名财经博主,https://m.weibo.cn/u/1843170992?uid=1843170992&luicode=10000011&lfid=100103type%3D1%26q%3DMate30,上海
5496436427,幸福大队长,一个有趣的灵魂🤪,28,820,f,False,,https://m.weibo.cn/u/5496436427?uid=5496436427&luicode=10000011&lfid=100103type%3D1%26q%3DMate30,江苏
7189942598,夏日闻蝉鸣-,银河甜心夏之光💚,208,1468,f,True,极之糖浆超话小主持人,https://m.weibo.cn/u/7189942598?uid=7189942598&luicode=10000011&lfid=100103type%3D1%26q%3DMate30,广东 深圳
1921178767,LAC-庆舍,汽车之家奔驰S级论坛版主，Luxury Auto Club 创始人 微信：LAC0010,725,514350,m,True,LAC豪华汽车俱乐部创始人 奔驰S级论坛版主 知名汽车博主 微博签约自媒体,https://m.weibo.cn/u/1921178767?uid=1921178767&luicode=10000011&lfid=100103type%3D1%26q%3DMate30,北京 东城区
3962657498,测评君,做产品的粉丝，不做品牌的粉丝,820,1113110,m,True,知名数码博主 微博vlog博主 数码视频自媒体,https://m.weibo.cn/u/3962657498?uid=3962657498&luicode=10000011&lfid=100103type%3D1%26q%3DMate30,辽宁
6115415199,海岸居民101,某明星小号,12,251,m,False,,https://m.weibo.cn/u/6115415199?uid=6115415199&luicode=10000011&lfid=100103type%3D1%26q%3DMate30,海外
1873303750,觐宇上达,有趣.,297,4500,m,False,,https://m.weibo.cn/u/1873303750?uid=1873303750&luicode=10000011&lfid=100103type%3D1%26q%3DMate30,湖南
3202342955,刘hanH,简单快乐，热爱生活。,591,208,f,False,,https://m.weibo.cn/u/3202342955?uid=3202342955&luicode=10000011&lfid=100103type%3D1%26q%3DMate30,其他
5978702840,我是王霓丹,河北传媒学院 19级 广播电视编导,291,92,f,False,,https://m.weibo.cn/u/5978702840?uid=5978702840&luicode=10000011&lfid=100103type%3D1%26q%3DMate30,河北 秦皇岛
6616254908,科技耍猴ppt,,713,17149,m,True,数码视频自媒体,https://m.weibo.cn/u/6616254908?uid=6616254908&luicode=10000011&lfid=100103type%3D1%26q%3DMate30,其他
1412758841,猴大宝,通过手机去理解人,1064,628365,m,True,韦恩 Wayne Toys  创始人 微博签约自媒体,https://m.weibo.cn/u/1412758841?uid=1412758841&luicode=10000011&lfid=100103type%3D1%26q%3DMate30,山东
6031407889,X许-优秀,不忘初心，方得始终,119,197,f,False,,https://m.weibo.cn/u/6031407889?uid=6031407889&luicode=10000011&lfid=100103type%3D1%26q%3DMate30,湖南
5584974991,月色多温柔-你有多爱我,时刻准备着- 南征北战,61,45,m,False,,https://m.weibo.cn/u/5584974991?uid=5584974991&luicode=10000011&lfid=100103type%3D1%26q%3DMate30,陕西 西安
2170743377,雷全順,🍟 永遠相信美好的事情不會發生  。,583,54679,f,True,知名互联网资讯博主 头条文章作者,https://m.weibo.cn/u/2170743377?uid=2170743377&luicode=10000011&lfid=100103type%3D1%26q%3DMate30,陕西
5154996172,六金小姐姐,想要原图➕913384968,928,2128,f,True,知名情感博主,https://m.weibo.cn/u/5154996172?uid=5154996172&luicode=10000011&lfid=100103type%3D1%26q%3DMate30,河南
1652515130,情圣宝叔,宇宙第一情感门诊，你的贴身情感顾问～宝叔有好酒，只差你的故事，私信宝叔，解决你的一切情感问题～,243,624853,m,True,知名情感博主,https://m.weibo.cn/u/1652515130?uid=1652515130&luicode=10000011&lfid=100103type%3D1%26q%3DMate30,北京 朝阳区
2726601057,进击的阿木君,发布动漫资讯，搬运脸上日推趣图。,509,5955800,m,True,微博知名动漫博主 微博签约自媒体,https://m.weibo.cn/u/2726601057?uid=2726601057&luicode=10000011&lfid=100103type%3D1%26q%3DMate30,广东 深圳
1731628075,狗屎味儿的大仙女,日渐消瘦.,212,1484,f,False,,https://m.weibo.cn/u/1731628075?uid=1731628075&luicode=10000011&lfid=100103type%3D1%26q%3DMate30,山东 烟台
6442650257,稷下公子,全真教龙门派三十一代弟子,755,95598,m,True,道教博主 道教超话主持人,https://m.weibo.cn/u/6442650257?uid=6442650257&luicode=10000011&lfid=100103type%3D1%26q%3DMate30,陕西 西安
2774524963,煮茶论英雄2015,1.正能量，2.俗。,508,250,m,False,,https://m.weibo.cn/u/2774524963?uid=2774524963&luicode=10000011&lfid=100103type%3D1%26q%3DMate30,河南 郑州
6487937421,棠溪煎雪,我要买RS7,455,127,m,False,,https://m.weibo.cn/u/6487937421?uid=6487937421&luicode=10000011&lfid=100103type%3D1%26q%3DMate30,江苏 淮安
6288943041,艺名杨过儿,just a little girl,100,66,f,False,,https://m.weibo.cn/u/6288943041?uid=6288943041&luicode=10000011&lfid=100103type%3D1%26q%3DMate30,其他
1866792355,科技喵,原@C数码（C数码猫），关注数码、科技、电商、互联网的热点头条，发掘有趣的手机科技数码互联网资讯，电话：17600842753，邮箱imsocial@inmyshow.com,2210,2003864,f,True,知名数码博主 微博签约自媒体,https://m.weibo.cn/u/1866792355?uid=1866792355&luicode=10000011&lfid=100103type%3D1%26q%3DMate30,黑龙江
3040184997,AreuShiningjust4me_,You are stardust.,237,308,m,False,,https://m.weibo.cn/u/3040184997?uid=3040184997&luicode=10000011&lfid=100103type%3D1%26q%3DMate30,山西 太原
5993531560,中新经纬,中国新闻社旗下财经新媒体。拥有中国互联网新闻信息采编发布服务资质(一类)。以手机客户端(APP)等为主要传播平台，以“权威、前瞻、专业、亲和”为特色宗旨，传播财经资讯、解读经济政策、讲述商界故事，打造精英的财经资讯平台。,2420,5469029,m,True,中新经纬官方微博,https://m.weibo.cn/u/5993531560?uid=5993531560&luicode=10000011&lfid=100103type%3D1%26q%3DMate30,北京
5663589007,肖战笑起来也太帅了吧,如果你愿意了解我,317,35,f,False,,https://m.weibo.cn/u/5663589007?uid=5663589007&luicode=10000011&lfid=100103type%3D1%26q%3DMate30,江苏
3808007273,搞机圈的那些事,全球最新手机数码咨询，直播，开箱图文评测，视频制作等，微博商务合作QQ：2579349049 17600842753 imsocial@inmyshow.com,1370,1991081,m,True,微博2019十大影响力数码大V,https://m.weibo.cn/u/3808007273?uid=3808007273&luicode=10000011&lfid=100103type%3D1%26q%3DMate30,四川 攀枝花
2247893413,兎子大仙儿,做一个善良的人,289,1550,m,False,,https://m.weibo.cn/u/2247893413?uid=2247893413&luicode=10000011&lfid=100103type%3D1%26q%3DMate30,其他
3182729822,Killingsunset_7,理想今年你几岁,13,73,f,False,,https://m.weibo.cn/u/3182729822?uid=3182729822&luicode=10000011&lfid=100103type%3D1%26q%3DMate30,其他
1486349143,狐机堂说,zol神通达人，科技自媒体，约稿合作请加QQ：83577291,808,39401,m,True,ZOL论坛版主，ZOL联盟“Z神通”成员 数码博主 头条文章作者 微博签约自媒体,https://m.weibo.cn/u/1486349143?uid=1486349143&luicode=10000011&lfid=100103type%3D1%26q%3DMate30,山东
5960444535,我想嗦奶茶啊,吃得多睡得好笑嘻嘻,111,39,f,False,,https://m.weibo.cn/u/5960444535?uid=5960444535&luicode=10000011&lfid=100103type%3D1%26q%3DMate30,安徽
5766889181,鐘意你JC,一位张学友的粉丝,424,3970,m,True,张学友超话主持人 音乐博主,https://m.weibo.cn/u/5766889181?uid=5766889181&luicode=10000011&lfid=100103type%3D1%26q%3DMate30,江苏
5339180276,小白你个蠢货,活在当下，享受当下，珍惜当下,74,117,f,False,,https://m.weibo.cn/u/5339180276?uid=5339180276&luicode=10000011&lfid=100103type%3D1%26q%3DMate30,陕西
3319594092,先知优视频,精彩视频，品质内容！,123,39,m,False,,https://m.weibo.cn/u/3319594092?uid=3319594092&luicode=10000011&lfid=100103type%3D1%26q%3DMate30,海外 瑞士
2271622310,真实的是个妙人儿,其实一直都是顺其自然的活着,209,371,f,False,,https://m.weibo.cn/u/2271622310?uid=2271622310&luicode=10000011&lfid=100103type%3D1%26q%3DMate30,其他
1761596064,Y科技订阅,,588,301265,m,True,秒拍达人 知名数码博主 数码视频自媒体,https://m.weibo.cn/u/1761596064?uid=1761596064&luicode=10000011&lfid=100103type%3D1%26q%3DMate30,山东 菏泽
1842342630,把敌人引到这来,Too fast to live too young to die,393,5466,m,False,,https://m.weibo.cn/u/1842342630?uid=1842342630&luicode=10000011&lfid=100103type%3D1%26q%3DMate30,北京 朝阳区
2611325007,杨品-光线摄影学院,摄影教育家，光线摄影学院、橡树摄影网联合创始人，著有10余本数码摄影畅销书，曾经的资深数码频道主编，洪湖青泥巴生态农场的农夫。,756,15903,m,True,数码摄影图书作家、光线摄影学院创始人,https://m.weibo.cn/u/2611325007?uid=2611325007&luicode=10000011&lfid=100103type%3D1%26q%3DMate30,北京 朝阳区
6447317402,这个世界很冷L,派对 活动 Dj Mc 音乐节,320,330,m,False,,https://m.weibo.cn/u/6447317402?uid=6447317402&luicode=10000011&lfid=100103type%3D1%26q%3DMate30,山西 大同
3691886383,少女C儿,和朝仔的互斗生活,330,1380,f,False,,https://m.weibo.cn/u/3691886383?uid=3691886383&luicode=10000011&lfid=100103type%3D1%26q%3DMate30,海外 其他
1981930874,事先看见,每个传说，都随时间褪色；每个强者，都有背后辛酸挫折。之所以洒脱，是因为懂得取舍；之所以淡漠 ，是因为能有所看破。梦怀同学，写意快乐人生。,307,19998,m,True,佛山十全九美网络科技有限公司 执行总裁 头条文章作者,https://m.weibo.cn/u/1981930874?uid=1981930874&luicode=10000011&lfid=100103type%3D1%26q%3DMate30,广东
6271579958,TopBenediction,佛儒法道四修青年,216,84,f,False,,https://m.weibo.cn/u/6271579958?uid=6271579958&luicode=10000011&lfid=100103type%3D1%26q%3DMate30,海外 加拿大
2642099484,大屁屁座大板凳,我有酒，你有故事吗？,995,11701,f,True,好洋气的小公举超话小主持人,https://m.weibo.cn/u/2642099484?uid=2642099484&luicode=10000011&lfid=100103type%3D1%26q%3DMate30,四川
5861184617,搞机少女,：）,798,1206090,f,True,知名数码博主,https://m.weibo.cn/u/5861184617?uid=5861184617&luicode=10000011&lfid=100103type%3D1%26q%3DMate30,北京
1868493055,科技小奈,发烧友、科技评测、数码爆料、,976,180090,m,True,知名数码博主 微博牧场计划合作达人 头条文章作者 微博签约自媒体,https://m.weibo.cn/u/1868493055?uid=1868493055&luicode=10000011&lfid=100103type%3D1%26q%3DMate30,陕西 西安
2264817675,以诚科技,数码博主,914,8319,m,True,微博vlog博主 头条文章作者 微博签约自媒体,https://m.weibo.cn/u/2264817675?uid=2264817675&luicode=10000011&lfid=100103type%3D1%26q%3DMate30,吉林
1342908284,李悄,God ubiquity . 独立歌手，舞者．童心我心 .,0,651459,m,False,,https://m.weibo.cn/u/1342908284?uid=1342908284&luicode=10000011&lfid=100103type%3D1%26q%3DMate30,北京
2301991775,-默曦,、两个人之间最好的感觉，莫过于表面互相嫌弃，心中不离不弃。,1828,341,f,False,,https://m.weibo.cn/u/2301991775?uid=2301991775&luicode=10000011&lfid=100103type%3D1%26q%3DMate30,甘肃 金昌
1549622634,MoonHanna,🌙 - 別嫌弃我幼稚，我对不熟的人才会用脑子。,236,179,f,False,,https://m.weibo.cn/u/1549622634?uid=1549622634&luicode=10000011&lfid=100103type%3D1%26q%3DMate30,广西 桂林
1135316252,唐山雨晨,说实话办实事爱摄影，喜欢各种数码，玩手机做视频搞评测，关注各种it。合作请私信,1049,217518,m,True,腾讯视频  商务主编 数码博主 微博签约自媒体,https://m.weibo.cn/u/1135316252?uid=1135316252&luicode=10000011&lfid=100103type%3D1%26q%3DMate30,河北 唐山
5014083366,乐漫小窝,一天很短，开心了就笑，不开心了就过会儿再笑。,1747,12265,f,True,动漫博主 动漫视频自媒体,https://m.weibo.cn/u/5014083366?uid=5014083366&luicode=10000011&lfid=100103type%3D1%26q%3DMate30,福建 厦门
1705564584,游吟者鱼头,行走，看看别人的生活，听听别人的故事，然后一本正经的胡说一下自己的感受，仅此而已！,783,12133,m,True,知名旅游博主,https://m.weibo.cn/u/1705564584?uid=1705564584&luicode=10000011&lfid=100103type%3D1%26q%3DMate30,其他
6890756658,知未科技,知今晓未，专注科技最前沿的互动新媒体。商务合作、内容合作wx：kui121862,286,568653,m,True,知未科技官方微博,https://m.weibo.cn/u/6890756658?uid=6890756658&luicode=10000011&lfid=100103type%3D1%26q%3DMate30,北京
2936113812,股民高老七,作者擅长：价值投资与趋势技术分析！,3336,230658,m,True,知名财经博主,https://m.weibo.cn/u/2936113812?uid=2936113812&luicode=10000011&lfid=100103type%3D1%26q%3DMate30,北京 东城区
1916248772,360Ai家,360Ai家，更懂生活的智能家。,89,900972,m,True,360智能硬件官方微博,https://m.weibo.cn/u/1916248772?uid=1916248772&luicode=10000011&lfid=100103type%3D1%26q%3DMate30,广东
2415775491,您的昵称太简单,真诚做人，踏实做事,428,441,f,True,我爱手绘和音乐超话小主持人,https://m.weibo.cn/u/2415775491?uid=2415775491&luicode=10000011&lfid=100103type%3D1%26q%3DMate30,浙江 杭州
6351208886,叫我鲸落吖,,89,48,f,False,,https://m.weibo.cn/u/6351208886?uid=6351208886&luicode=10000011&lfid=100103type%3D1%26q%3DMate30,山东 济南
3032210184,华为终端公司,华为消费者业务官方账号，网罗华为消费者业务全球动态，传递最新最全的旗舰产品信息。了解华为消费者业务，从这里开始。,89,4414392,m,True,华为终端有限公司,https://m.weibo.cn/u/3032210184?uid=3032210184&luicode=10000011&lfid=100103type%3D1%26q%3DMate30,广东
1468540787,Mr人行道,有点文艺，有点油腻,995,2693,m,False,,https://m.weibo.cn/u/1468540787?uid=1468540787&luicode=10000011&lfid=100103type%3D1%26q%3DMate30,广东 深圳
1144393351,通信老柳,资深通信专家｜知名行业分析师｜手机评测师｜中国财经TMT领袖榜自媒体影响力十强,959,1109087,m,True,前 飞象网特约记者 知名数码博主 微博签约自媒体,https://m.weibo.cn/u/1144393351?uid=1144393351&luicode=10000011&lfid=100103type%3D1%26q%3DMate30,其他
1631298250,黄蓓依,温柔安静，享受生活。,981,12553,f,True,知名互联网资讯博主,https://m.weibo.cn/u/1631298250?uid=1631298250&luicode=10000011&lfid=100103type%3D1%26q%3DMate30,浙江 宁波
1826877972,梁XE鹏,,573,1931,m,False,,https://m.weibo.cn/u/1826877972?uid=1826877972&luicode=10000011&lfid=100103type%3D1%26q%3DMate30,北京 朝阳区
2342793317,是非谎言,更多的吸收积极信息,133,108,m,False,,https://m.weibo.cn/u/2342793317?uid=2342793317&luicode=10000011&lfid=100103type%3D1%26q%3DMate30,江苏 南京
5095435677,假装在采访,只采访有故事的人,40,3733079,f,True,微博知名搞笑幽默博主,https://m.weibo.cn/u/5095435677?uid=5095435677&luicode=10000011&lfid=100103type%3D1%26q%3DMate30,北京
1826817445,冰冷的悲伤感,你若盛开 清风自来,747,1643,m,False,,https://m.weibo.cn/u/1826817445?uid=1826817445&luicode=10000011&lfid=100103type%3D1%26q%3DMate30,北京 海淀区
1567704734,蓝龙赵小白,,55,37,m,False,,https://m.weibo.cn/u/1567704734?uid=1567704734&luicode=10000011&lfid=100103type%3D1%26q%3DMate30,江苏 南京
2399301482,医生妈妈欧茜,小π和小e的妈妈，关注儿童健康、喜爱科普的儿内科医生。,494,2062803,f,True,广州知贝医疗服务儿科医生，知贝儿科创始人，微博签约自媒体,https://m.weibo.cn/u/2399301482?uid=2399301482&luicode=10000011&lfid=100103type%3D1%26q%3DMate30,广东 广州
2475863280,Goodbye_shadow,有人爱，有事做，有所期待 🔆,616,25849,m,True,旅游博主,https://m.weibo.cn/u/2475863280?uid=2475863280&luicode=10000011&lfid=100103type%3D1%26q%3DMate30,四川
5225390232,一人观星,腾杨保安，一挑五。嚯嚯嚯,355,2083,f,False,,https://m.weibo.cn/u/5225390232?uid=5225390232&luicode=10000011&lfid=100103type%3D1%26q%3DMate30,广东
5309779905,十八师兄,送你一枝玫瑰🌹,316,8112,m,True,数码视频自媒体,https://m.weibo.cn/u/5309779905?uid=5309779905&luicode=10000011&lfid=100103type%3D1%26q%3DMate30,广东 深圳
2472756361,丶刘聪_Jay,杰迷一枚,197,275,m,False,,https://m.weibo.cn/u/2472756361?uid=2472756361&luicode=10000011&lfid=100103type%3D1%26q%3DMate30,山东 聊城
3383846112,沫薇Alysa,个人合作请私信 ~,1210,313471,f,True,前 雷锋网  视频主播 知名数码博主,https://m.weibo.cn/u/3383846112?uid=3383846112&luicode=10000011&lfid=100103type%3D1%26q%3DMate30,广东 深圳
1682023293,刘看山的叔叔,,320,8288,m,True,知名数码博主,https://m.weibo.cn/u/1682023293?uid=1682023293&luicode=10000011&lfid=100103type%3D1%26q%3DMate30,江苏 南京
2696796305,一个人的峡谷,人生来平等 不输出观点,113,26885,f,True,知名娱乐博主,https://m.weibo.cn/u/2696796305?uid=2696796305&luicode=10000011&lfid=100103type%3D1%26q%3DMate30,北京
5489640834,z祈心,随缘而遇 随心而忘,48,64,f,False,,https://m.weibo.cn/u/5489640834?uid=5489640834&luicode=10000011&lfid=100103type%3D1%26q%3DMate30,上海 金山区
1165626293,青鹿苹,一位爱好历史和情感的游戏博主。,874,4157,f,True,游戏博主,https://m.weibo.cn/u/1165626293?uid=1165626293&luicode=10000011&lfid=100103type%3D1%26q%3DMate30,四川 成都
6368690293,数码IT君,专注数码、科技、生活，移动互联网。,97,2014754,m,True,知名数码博主,https://m.weibo.cn/u/6368690293?uid=6368690293&luicode=10000011&lfid=100103type%3D1%26q%3DMate30,北京 朝阳区
1868440193,数码1线,一个喜欢数码的大叔！欢迎关注今日头条：数码1线  http://www.toutiao.com/m3673141664/,829,194429,m,True,微博牧场计划合作达人 ZOL联盟“Z神通”成员 头条文章作者 微博签约自媒体,https://m.weibo.cn/u/1868440193?uid=1868440193&luicode=10000011&lfid=100103type%3D1%26q%3DMate30,广东
6166549096,新世美学,对人以诚信，人不欺我；对事以诚信，事无不成。,90,2416,m,True,数码博主,https://m.weibo.cn/u/6166549096?uid=6166549096&luicode=10000011&lfid=100103type%3D1%26q%3DMate30,广东
3903526369,木笔狼毫,I will not falter,106,133,m,True,我为苍生超话主持人,https://m.weibo.cn/u/3903526369?uid=3903526369&luicode=10000011&lfid=100103type%3D1%26q%3DMate30,河北 唐山
1847123567,香港商報網,香港商報和香港商报官网www.hkcd.com共用此微博，每日匯聚香港、內地大量新闻、財經資訊。,377,1160280,m,True,香港商报和香港商报网的官方微博,https://m.weibo.cn/u/1847123567?uid=1847123567&luicode=10000011&lfid=100103type%3D1%26q%3DMate30,香港 观塘区
3103286013,科技怪咖,手机、数码专栏作者，资深自媒体。合作,3910,511761,m,True,知名数码博主 ZOL论坛版主 ZOL联盟“Z神通”成员 微博数码测评团 头条文章作者 微博签约自媒体,https://m.weibo.cn/u/3103286013?uid=3103286013&luicode=10000011&lfid=100103type%3D1%26q%3DMate30,北京 东城区
1850550517,憨熊TheTime,,1048,248495,m,True,深圳市时光科技信息有限责任公司创始人韩浩 知名数码博主,https://m.weibo.cn/u/1850550517?uid=1850550517&luicode=10000011&lfid=100103type%3D1%26q%3DMate30,广东
5883904105,不着四六的靑春,Navy,644,307,m,True,MIUI12超话小主持人,https://m.weibo.cn/u/5883904105?uid=5883904105&luicode=10000011&lfid=100103type%3D1%26q%3DMate30,江苏
1154511262,洋葱丿Onion,为超越玩微博,869,104044,m,True,封神召唤师超话主持人,https://m.weibo.cn/u/1154511262?uid=1154511262&luicode=10000011&lfid=100103type%3D1%26q%3DMate30,湖北 武汉
6028010462,数码屋QZi,这人不懒，但什么也没留下。,702,4030,m,True,数码博主 头条文章作者,https://m.weibo.cn/u/6028010462?uid=6028010462&luicode=10000011&lfid=100103type%3D1%26q%3DMate30,山东
3095416803,造价小学生,,909,258,m,False,,https://m.weibo.cn/u/3095416803?uid=3095416803&luicode=10000011&lfid=100103type%3D1%26q%3DMate30,北京
1250346992,Allen爱北京,脾气有点暴躁 跟我撕你有这个实力吗 你配吗,1389,7045,m,True,娱乐博主 江疏影超话粉丝大咖,https://m.weibo.cn/u/1250346992?uid=1250346992&luicode=10000011&lfid=100103type%3D1%26q%3DMate30,北京
1658749840,锋言Phone语,数码爱好者，自媒体平台优质写手，合作邮箱waxs34@163.com,436,438005,m,True,数码博主 头条文章作者,https://m.weibo.cn/u/1658749840?uid=1658749840&luicode=10000011&lfid=100103type%3D1%26q%3DMate30,北京 丰台区
3091173011,重装瓢虫,,687,36333,m,True,ZOL自媒体联盟“Z神通”成员,https://m.weibo.cn/u/3091173011?uid=3091173011&luicode=10000011&lfid=100103type%3D1%26q%3DMate30,四川 成都
5679508036,iBingo,24小时高强度网上冲浪，我，无处不在！,1377,196288,m,True,头条文章作者,https://m.weibo.cn/u/5679508036?uid=5679508036&luicode=10000011&lfid=100103type%3D1%26q%3DMate30,山东
6011953795,梦想指南针,因有想，而能成,304,11393,m,False,,https://m.weibo.cn/u/6011953795?uid=6011953795&luicode=10000011&lfid=100103type%3D1%26q%3DMate30,四川 成都
2165710204,Kyle__崔,一个不会胡扯，一说话就让人讨厌的混蛋,234,218,m,False,,https://m.weibo.cn/u/2165710204?uid=2165710204&luicode=10000011&lfid=100103type%3D1%26q%3DMate30,山西 临汾
1934645292,荆楚布衣,,200,12232,m,True,新鲜事作者,https://m.weibo.cn/u/1934645292?uid=1934645292&luicode=10000011&lfid=100103type%3D1%26q%3DMate30,广东
6027743037,放开我的猪饲料,养猪达人～,287,732,m,False,,https://m.weibo.cn/u/6027743037?uid=6027743037&luicode=10000011&lfid=100103type%3D1%26q%3DMate30,江苏 南京
3903135431,UD数码网,UD数码网【http://www.udigital.cn】官方微博,693,165742,m,True,石家庄麦圈网络科技有限公司,https://m.weibo.cn/u/3903135431?uid=3903135431&luicode=10000011&lfid=100103type%3D1%26q%3DMate30,河北
1649608047,天极网,我们为您介绍最炫、最潮的数码产品，独到、抢先的科技新闻。通过天极网了解身边的科技内容，让科技改变你的生活。,295,1288280,m,True,天极网官方微博,https://m.weibo.cn/u/1649608047?uid=1649608047&luicode=10000011&lfid=100103type%3D1%26q%3DMate30,北京 海淀区
1220821393,恭喜·手攝,创意归属生活…… my创意,2554,108314,m,True,TeamChina 独立创意人来宇,https://m.weibo.cn/u/1220821393?uid=1220821393&luicode=10000011&lfid=100103type%3D1%26q%3DMate30,山西
2529300243,电竞后援,生活就是如此简单，知足就好！,149,134,m,False,,https://m.weibo.cn/u/2529300243?uid=2529300243&luicode=10000011&lfid=100103type%3D1%26q%3DMate30,河北 廊坊
5335075783,京城肥汉三,科技和数码，男人的浪漫,178,434264,m,True,知名数码博主,https://m.weibo.cn/u/5335075783?uid=5335075783&luicode=10000011&lfid=100103type%3D1%26q%3DMate30,北京 丰台区
5630520219,来黎寅,相声爱好者、医药健康投资并购人士,703,197,m,False,,https://m.weibo.cn/u/5630520219?uid=5630520219&luicode=10000011&lfid=100103type%3D1%26q%3DMate30,北京 东城区
7222040953,朱檹扬,数码是爱好，有审计会计理财方面可以咨询我。,115,26773,m,True,中审众环会计师事务所 项目经理 中审众环会计师事务所超话主持人,https://m.weibo.cn/u/7222040953?uid=7222040953&luicode=10000011&lfid=100103type%3D1%26q%3DMate30,四川
1856404484,凤凰网科技,凤凰科技，聚焦最新科技资讯和产品，提供深入独到趋势分析，欢迎关注微信账号：凤凰科技（ifeng_tech）,921,1844742,m,True,凤凰网科技频道官方微博,https://m.weibo.cn/u/1856404484?uid=1856404484&luicode=10000011&lfid=100103type%3D1%26q%3DMate30,北京
1737694250,手机中国,手机中国——专业、有态度的手机门户。相对于传统手机媒体不同之处在于，我们不仅提供指导消费、倡导应用，同时还在引领着手机的时尚与品位。举报不良信息电话：010-65992660,710,4765884,f,True,手机中国官方微博,https://m.weibo.cn/u/1737694250?uid=1737694250&luicode=10000011&lfid=100103type%3D1%26q%3DMate30,北京 海淀区
1826017320,IT之家,IT之家(ithome.com)，数码、科技、生活，国内人气最高的科技媒体。合作联系QQ：375652。,768,5749109,m,True,IT之家（www.ithome.com）官方微博,https://m.weibo.cn/u/1826017320?uid=1826017320&luicode=10000011&lfid=100103type%3D1%26q%3DMate30,山东
2660577861,华为商城,华为商城（www.vmall.com)是华为公司旗下的自营电子商务平台，提供华为手机、无线上网设备、平板电脑、配件等华为产品。致力打造一站式购物平台！,76,5449198,m,True,华为终端有限公司,https://m.weibo.cn/u/2660577861?uid=2660577861&luicode=10000011&lfid=100103type%3D1%26q%3DMate30,广东 深圳
3649200001,在等一个白敬亭,套你这样的小正经，一套一个准！,124,192,f,False,,https://m.weibo.cn/u/3649200001?uid=3649200001&luicode=10000011&lfid=100103type%3D1%26q%3DMate30,广东 深圳
2960987052,四季数码,V：1944044344 【淘宝：四季数码 澳门代购】,1126,6410,m,True,数码博主,https://m.weibo.cn/u/2960987052?uid=2960987052&luicode=10000011&lfid=100103type%3D1%26q%3DMate30,澳门 氹仔
5862150920,YangSx07,反海狗大队队长,228,848,m,False,,https://m.weibo.cn/u/5862150920?uid=5862150920&luicode=10000011&lfid=100103type%3D1%26q%3DMate30,江苏
5627747809,WHYLAB,为什么实验室,172,320822,m,True,为什么实验室,https://m.weibo.cn/u/5627747809?uid=5627747809&luicode=10000011&lfid=100103type%3D1%26q%3DMate30,广东
3092909521,卓尔通讯_summer,,1207,6697,m,True,溧阳市卓尔通讯器材有限公司创始人,https://m.weibo.cn/u/3092909521?uid=3092909521&luicode=10000011&lfid=100103type%3D1%26q%3DMate30,江苏
1730730943,师宗电商IT咨询,云南师宗自媒体电子有限公司创始人许郑荣，主要做农产品推广，自媒体运营，网络广告营销。,475,13217,m,True,知名数码博主 头条文章作者,https://m.weibo.cn/u/1730730943?uid=1730730943&luicode=10000011&lfid=100103type%3D1%26q%3DMate30,云南 曲靖
1866401901,涨停七哥,股市游资,318,73017,m,False,,https://m.weibo.cn/u/1866401901?uid=1866401901&luicode=10000011&lfid=100103type%3D1%26q%3DMate30,上海
6605860981,搞机数码哥,数码界的相关资讯与测评,95,45553,m,True,数码视频自媒体,https://m.weibo.cn/u/6605860981?uid=6605860981&luicode=10000011&lfid=100103type%3D1%26q%3DMate30,北京 东城区
6725287415,菊厂搞机,《菊厂搞机》编辑部，欢迎投稿（不过没稿费）,159,24021,m,True,知名数码博主 头条文章作者,https://m.weibo.cn/u/6725287415?uid=6725287415&luicode=10000011&lfid=100103type%3D1%26q%3DMate30,广东
3946216751,鲨鱼辣椒真滴辣,广阔天地，大有可为~,115,226,m,True,数码视频自媒体,https://m.weibo.cn/u/3946216751?uid=3946216751&luicode=10000011&lfid=100103type%3D1%26q%3DMate30,广东 深圳
5128606465,Hey贝塔,Camera Testing Engineer,758,517400,f,True,数码博主,https://m.weibo.cn/u/5128606465?uid=5128606465&luicode=10000011&lfid=100103type%3D1%26q%3DMate30,广东 深圳
2355647834,DOP-傅博,95后，玩过乐队，瞎画过画，写过专栏，水肺潜水员，电影摄影师 北京电影学院摄影本科在读 FUBOFILM@foxmail.com,1003,10645,m,True,CFP  汉华易美 签约摄影师,https://m.weibo.cn/u/2355647834?uid=2355647834&luicode=10000011&lfid=100103type%3D1%26q%3DMate30,北京 海淀区
6219358645,哆啦逐梦,一个淘宝小小卖家，全靠大家支持苟活于世,553,177906,f,True,知名数码博主 数码视频自媒体,https://m.weibo.cn/u/6219358645?uid=6219358645&luicode=10000011&lfid=100103type%3D1%26q%3DMate30,广东 深圳
2852113641,广而悉之,数码旅行,81,10351,m,False,,https://m.weibo.cn/u/2852113641?uid=2852113641&luicode=10000011&lfid=100103type%3D1%26q%3DMate30,辽宁 大连
5979367683,毒德味儿大师,拍花照草爱摄影，观海听涛爱生活。非知名摄影博主。,480,1117,m,True,摄影博主,https://m.weibo.cn/u/5979367683?uid=5979367683&luicode=10000011&lfid=100103type%3D1%26q%3DMate30,上海 静安区
2478163131,日经中文网,日经中文网是日本最大财经报日本经济新闻（简称日经新闻）的中文版。,124,780672,m,True,日经中文网官方微博,https://m.weibo.cn/u/2478163131?uid=2478163131&luicode=10000011&lfid=100103type%3D1%26q%3DMate30,海外 日本
6571952337,Bingo实验室,做最有梗的科技数码媒体！商务合作邮箱：james@bingolab.cn,148,219844,m,True,数码视频自媒体,https://m.weibo.cn/u/6571952337?uid=6571952337&luicode=10000011&lfid=100103type%3D1%26q%3DMate30,上海 静安区
7277874827,精彩老谭看世界,汉语  客家语  英语   闽南语 日语,423,95963,m,False,,https://m.weibo.cn/u/7277874827?uid=7277874827&luicode=10000011&lfid=100103type%3D1%26q%3DMate30,上海
1862172703,集微网官网,集成电路、手机行业专业服务平台，爱集微App各大主流应用商店均可下载。微信号：jiweinet或集微网；老杳个人公共号：laoyaoshow,123,5065807,m,True,集成电路社区集微网官方微博,https://m.weibo.cn/u/1862172703?uid=1862172703&luicode=10000011&lfid=100103type%3D1%26q%3DMate30,北京 海淀区
2880620770,夢想家陈轶亮,专注互联网、科技、数码领域，合作请联系QQ:951549817 / VX:cyl951549817（如遇空白往下滑即可）,1351,1041440,m,True,知名数码博主 头条文章作者 微博签约自媒体,https://m.weibo.cn/u/2880620770?uid=2880620770&luicode=10000011&lfid=100103type%3D1%26q%3DMate30,北京 海淀区
5370547595,义勇军--鬼谷子,我宣誓：我忠于中华人民共和国宪法，维护宪法权威，履行法定职责，忠于祖国，忠于人民，恪尽职守、为和谐的社会主义国家努力奋斗！,5694,14399515,m,True,知名军事博主 微博军事博主 视频自媒体,https://m.weibo.cn/u/5370547595?uid=5370547595&luicode=10000011&lfid=100103type%3D1%26q%3DMate30,广西 南宁
2908763431,菜菜论,菜菜论数码，享生活。,160,1115,m,False,,https://m.weibo.cn/u/2908763431?uid=2908763431&luicode=10000011&lfid=100103type%3D1%26q%3DMate30,福建 福州
5237163481,嗨我宣你呀,真相只有一个,1675,126725,m,True,新鲜事金牌作者 知名娱乐博主,https://m.weibo.cn/u/5237163481?uid=5237163481&luicode=10000011&lfid=100103type%3D1%26q%3DMate30,重庆
1210347234,老爆科技,淘宝店老爆科技店主，日常聊数码，分享咨询和使用小技巧。偶尔爆料。,660,484848,m,True,知名数码博主,https://m.weibo.cn/u/1210347234?uid=1210347234&luicode=10000011&lfid=100103type%3D1%26q%3DMate30,广东 中山
2827386331,科技新一,商务微信:newone9988,2131,4171701,m,True,知名数码博主 微博签约自媒体,https://m.weibo.cn/u/2827386331?uid=2827386331&luicode=10000011&lfid=100103type%3D1%26q%3DMate30,北京 东城区
1496810217,康钊,人生如云，走走停停,1974,999968,m,True,媒体人  运营商世界网总编辑,https://m.weibo.cn/u/1496810217?uid=1496810217&luicode=10000011&lfid=100103type%3D1%26q%3DMate30,北京 朝阳区
5381430923,数码趣分享,专注前沿科技资讯、数码评测、手机摄影、电脑评测、数据恢复等领域。,1038,14331,m,True,  陕西省旅游摄影协会 会员 知名数码博主 头条文章作者 微博签约自媒体,https://m.weibo.cn/u/5381430923?uid=5381430923&luicode=10000011&lfid=100103type%3D1%26q%3DMate30,陕西 西安
1956700750,电商报,电商报，看电商！以提供有价值行业信息为宗旨，促进行业良性发展努力！投稿、合作联系：QQ2881339633,413,2970592,m,True,电商报官方微博,https://m.weibo.cn/u/1956700750?uid=1956700750&luicode=10000011&lfid=100103type%3D1%26q%3DMate30,广东 深圳
7029733562,大Yu小白,大号科技Yu，此号关注，脸熟的朋友必回粉。,181,10305,m,False,,https://m.weibo.cn/u/7029733562?uid=7029733562&luicode=10000011&lfid=100103type%3D1%26q%3DMate30,海外
6468573320,搞机爵士,我就是我自己,571,300441,m,True,知名数码博主,https://m.weibo.cn/u/6468573320?uid=6468573320&luicode=10000011&lfid=100103type%3D1%26q%3DMate30,北京
1862173347,Ouch科技,不知名数码博主  合作请私信,49,1217,m,True,数码科技超话主持人,https://m.weibo.cn/u/1862173347?uid=1862173347&luicode=10000011&lfid=100103type%3D1%26q%3DMate30,北京 朝阳区
5574029246,微博电商,,863,2478679,m,True,微博电商,https://m.weibo.cn/u/5574029246?uid=5574029246&luicode=10000011&lfid=100103type%3D1%26q%3DMate30,北京
2909967582,王者风范mxl,,243,92,m,False,,https://m.weibo.cn/u/2909967582?uid=2909967582&luicode=10000011&lfid=100103type%3D1%26q%3DMate30,天津 红桥区
1309138161,李勇岐,,1994,61166,m,True,汽车博主 汽车视频自媒体,https://m.weibo.cn/u/1309138161?uid=1309138161&luicode=10000011&lfid=100103type%3D1%26q%3DMate30,北京 海淀区
5599807173,科技游侠ing,一个爱搞机的家伙,629,1057,m,True,知名数码博主,https://m.weibo.cn/u/5599807173?uid=5599807173&luicode=10000011&lfid=100103type%3D1%26q%3DMate30,山东
1699432410,新华视点,“新华视点”是新华社官方微博，重大新闻权威首发平台。,2958,75672076,m,True,新华社法人微博,https://m.weibo.cn/u/1699432410?uid=1699432410&luicode=10000011&lfid=100103type%3D1%26q%3DMate30,北京
1827225287,湖南联通,从现在起，做一个有态度的官博。咨询、投诉请私信@中国联通湖南客服,462,637433,m,True,中国联合网络通信有限公司湖南省分公司,https://m.weibo.cn/u/1827225287?uid=1827225287&luicode=10000011&lfid=100103type%3D1%26q%3DMate30,湖南 长沙
1890124614,钱皓,专注互联网早中期投资分析。欢迎自媒体合作，加QQ：1000808，请注明身份【免责声明】微博内容纯属个人业余爱好，与任职公司无关，希望与同行多交流！,1109,1069554,m,True,互联网分析师钱皓 知名互联网资讯博主 微博签约自媒体,https://m.weibo.cn/u/1890124614?uid=1890124614&luicode=10000011&lfid=100103type%3D1%26q%3DMate30,上海 黄浦区
5664188484,在打盹的松鼠,真香！,691,26938,m,True,数码博主 头条文章作者,https://m.weibo.cn/u/5664188484?uid=5664188484&luicode=10000011&lfid=100103type%3D1%26q%3DMate30,其他
1665492321,顺其自然一切随Yuan,军事博主,1262,3476,m,True,知名军事博主,https://m.weibo.cn/u/1665492321?uid=1665492321&luicode=10000011&lfid=100103type%3D1%26q%3DMate30,黑龙江
6067221215,大鳄吞金,全球商界巨头动向，全球财经热点新闻,91,189107,m,True,微博财经视频自媒体,https://m.weibo.cn/u/6067221215?uid=6067221215&luicode=10000011&lfid=100103type%3D1%26q%3DMate30,北京 东城区
6304647780,客科技,科技数码资讯、独立测评评论员及撰稿人,147,115867,m,True,数码博主 数码视频自媒体,https://m.weibo.cn/u/6304647780?uid=6304647780&luicode=10000011&lfid=100103type%3D1%26q%3DMate30,广东
2454655415,股道笔记,散户挚友，股市达人，记录A股投机之道，股市之道，大道至简～,500,79823,m,True,微博股评师 知名财经博主 微博签约自媒体,https://m.weibo.cn/u/2454655415?uid=2454655415&luicode=10000011&lfid=100103type%3D1%26q%3DMate30,上海
6285856744,希纳杰,业余爱好：原创写作【诗、文章、情感，及资讯】。愿广交海内外朋友，发掘蓝星之“美”。,681,1734,m,False,,https://m.weibo.cn/u/6285856744?uid=6285856744&luicode=10000011&lfid=100103type%3D1%26q%3DMate30,上海 徐汇区
2648798633,科技氪,手机3C数码爱好者 投稿、爆料、合作请私信,512,1275757,m,True,知名数码博主 头条文章作者,https://m.weibo.cn/u/2648798633?uid=2648798633&luicode=10000011&lfid=100103type%3D1%26q%3DMate30,北京 海淀区
5645756008,价值投资日志,好股票必须好价格，寻找A股的腾讯、苹果。,1688,454899,m,True,股评团成员 知名财经博主,https://m.weibo.cn/u/5645756008?uid=5645756008&luicode=10000011&lfid=100103type%3D1%26q%3DMate30,广东
2743487997,小白撩机,没有助理，我本人微信tisanQi，如假包换。,867,298126,m,True,知名数码博主 微博签约自媒体,https://m.weibo.cn/u/2743487997?uid=2743487997&luicode=10000011&lfid=100103type%3D1%26q%3DMate30,江苏
1974576991,环球时报,报道多元世界    解读复杂中国,686,22660681,m,True,《环球时报》微博,https://m.weibo.cn/u/1974576991?uid=1974576991&luicode=10000011&lfid=100103type%3D1%26q%3DMate30,北京
3211647923,华为开发者联盟,华为开发者联盟，为开发者提供开发、运营、推广、统计和变现等全流程服务，助力开发者提高应用品牌知名度，获得海量优质用户和最大收益。,1551,1172562,m,True,华为开发者联盟官方微博,https://m.weibo.cn/u/3211647923?uid=3211647923&luicode=10000011&lfid=100103type%3D1%26q%3DMate30,广东
1747383115,ZOL中关村在线,中关村在线——大中华区专业IT网站,597,3462448,f,True,中关村在线官方微博,https://m.weibo.cn/u/1747383115?uid=1747383115&luicode=10000011&lfid=100103type%3D1%26q%3DMate30,北京 海淀区
1871821935,大米评测,普通消费者 爱好独立评测,711,1424589,m,True,知名数码博主,https://m.weibo.cn/u/1871821935?uid=1871821935&luicode=10000011&lfid=100103type%3D1%26q%3DMate30,浙江 宁波
1494825072,陆新之,个人出版12本书，有15年媒体经历，图书策划超过100种，客串多个电视电台节目的评论员。,1992,62988,m,True,"资深媒体人,亨通堂创办人,德丰基金合伙人 微博签约自媒体",https://m.weibo.cn/u/1494825072?uid=1494825072&luicode=10000011&lfid=100103type%3D1%26q%3DMate30,北京 朝阳区
2280893642,华为终端云服务,华为终端云服务，致力于为用户提供安全便捷且丰富多彩的应用及内容服务。这里有贴心的玩机教程，有丰厚的粉丝福利，还有缤纷多彩的手机生活。让我们一起“漫步云端”，畅游移动互联新生活！,91,7012685,m,True,华为消费者云服务官方微博,https://m.weibo.cn/u/2280893642?uid=2280893642&luicode=10000011&lfid=100103type%3D1%26q%3DMate30,广东
6606951902,小白有品-小黑,小黑 做你身边的购机助手！VX小程序小白有品,64,74078,m,True,知名数码博主,https://m.weibo.cn/u/6606951902?uid=6606951902&luicode=10000011&lfid=100103type%3D1%26q%3DMate30,广东 深圳
6058299650,源点Yd,合作请私信,457,190404,m,True,数码博主 数码视频自媒体,https://m.weibo.cn/u/6058299650?uid=6058299650&luicode=10000011&lfid=100103type%3D1%26q%3DMate30,陕西
2184853833,趣评测詹志斌,我自恋，浮夸，固执。但我努力，善良，乐观，担当.我就是我.,919,1169134,m,True,深圳市趣评测科技有限公司联合创始人 微博vlog博主 知名数码博主,https://m.weibo.cn/u/2184853833?uid=2184853833&luicode=10000011&lfid=100103type%3D1%26q%3DMate30,福建
2077946951,寂寞嫦娥舒广袖,太上有立德，其次有立行，再次有立言！,1888,768262,f,True,知名时评人,https://m.weibo.cn/u/2077946951?uid=2077946951&luicode=10000011&lfid=100103type%3D1%26q%3DMate30,北京
5043755013,ZAEKE知客,由专业拖稿人冯牛逼老师领导的小公司,970,246191,f,True,微博数码MCN机构  微博摄影MCN机构  深圳市知客数码科技有限公司,https://m.weibo.cn/u/5043755013?uid=5043755013&luicode=10000011&lfid=100103type%3D1%26q%3DMate30,广东
6094846964,黑科技在日本,分享 日本黑科技，让高达的GN粒子穿越伸手不见黑夜的五指，二次元也忘记岁月的光芒。脑洞小开，让黑科技的紫色散发凝固的芳香。,4129,1713664,m,True,海外资讯博主（日本）,https://m.weibo.cn/u/6094846964?uid=6094846964&luicode=10000011&lfid=100103type%3D1%26q%3DMate30,海外 日本
2121268361,月是这个世界最浪漫的字,不日我将日程离开，盼与您相见。,579,348,f,False,,https://m.weibo.cn/u/2121268361?uid=2121268361&luicode=10000011&lfid=100103type%3D1%26q%3DMate30,辽宁 沈阳
2142609687,科技圣斗士,关注TMT行业、科技，互联网，数码行业观察者，喜欢手机数码、喜欢篮球足球，喜欢圣斗士！欢迎勾搭关注,927,1398567,m,True,知名数码博主 头条文章作者 微博签约自媒体,https://m.weibo.cn/u/2142609687?uid=2142609687&luicode=10000011&lfid=100103type%3D1%26q%3DMate30,北京
1637739707,贰手艺术家,搞机段子手 灵魂p图手 手绘小能手,896,296312,m,True,微博vlog博主 知名数码博主,https://m.weibo.cn/u/1637739707?uid=1637739707&luicode=10000011&lfid=100103type%3D1%26q%3DMate30,北京
3825067581,园姐,商务合作请私信或加微信：yalurivergirl,507,2202546,f,True,知名数码博主 微博签约自媒体,https://m.weibo.cn/u/3825067581?uid=3825067581&luicode=10000011&lfid=100103type%3D1%26q%3DMate30,辽宁
2113374013,一雪,小说《有期徒刑七个月》作者；汽车、自驾游、数码、手机发烧友。,1320,1921080,f,True,知名汽车博主 头条文章作者 微博签约自媒体,https://m.weibo.cn/u/2113374013?uid=2113374013&luicode=10000011&lfid=100103type%3D1%26q%3DMate30,山东 济南
5835847839,数字热DGHOT,•数码产品•摄影器材•手机摄影•Kpop,2881,195902,m,True,知名数码博主 头条文章作者 微博签约自媒体,https://m.weibo.cn/u/5835847839?uid=5835847839&luicode=10000011&lfid=100103type%3D1%26q%3DMate30,其他
2292724833,吴小杰WJie,玩科技，看小杰。助理QQ 2579349049 ，联系电话：17600842753，邮箱imsocial@inmyshow.com,1916,3711666,m,True,知名数码博主 微博签约自媒体,https://m.weibo.cn/u/2292724833?uid=2292724833&luicode=10000011&lfid=100103type%3D1%26q%3DMate30,福建 厦门
1642720480,爱范儿,不仅仅是一个科技媒体。所以看到我们除了硬件和互联网之外，还发商业、生活方式、影评......甚至文学的时候，请不要太惊讶~ 合作联系 ad@ifanr.com,607,1879623,m,True,爱范儿官方微博,https://m.weibo.cn/u/1642720480?uid=1642720480&luicode=10000011&lfid=100103type%3D1%26q%3DMate30,广东 广州
6205512779,两分,每天两分钟，生活更Smart一点,211,245689,f,True,知名数码博主 泛科普视频自媒体 微博签约自媒体,https://m.weibo.cn/u/6205512779?uid=6205512779&luicode=10000011&lfid=100103type%3D1%26q%3DMate30,广东
1642471052,TechWeb,新媒体、新技术、新商业互动交流平台。合作请直接私信。,1862,3371620,m,True,TechWeb官方微博,https://m.weibo.cn/u/1642471052?uid=1642471052&luicode=10000011&lfid=100103type%3D1%26q%3DMate30,北京 海淀区
5557302518,青渝科技201207,半导体科技 blue peersistent,1311,388,m,False,,https://m.weibo.cn/u/5557302518?uid=5557302518&luicode=10000011&lfid=100103type%3D1%26q%3DMate30,北京
7215065702,台独曝光台,让台独犹如过街老鼠，曝光之。,69,423,m,False,,https://m.weibo.cn/u/7215065702?uid=7215065702&luicode=10000011&lfid=100103type%3D1%26q%3DMate30,香港 元朗区
5462807235,野桔,一只两百斤的皮皮虾。,668,406175,m,True,微博故事原创作者,https://m.weibo.cn/u/5462807235?uid=5462807235&luicode=10000011&lfid=100103type%3D1%26q%3DMate30,广东 深圳
1259228935,黄海峰的科技生活,TMT从业者，追逐新科技、混迹媒体圈、乱评通信事。,1911,18882,m,True,《通信世界》副总编,https://m.weibo.cn/u/1259228935?uid=1259228935&luicode=10000011&lfid=100103type%3D1%26q%3DMate30,北京
5132042559,趣闻黑科技,趣闻黑科技,151,4187219,f,True,数码博主,https://m.weibo.cn/u/5132042559?uid=5132042559&luicode=10000011&lfid=100103type%3D1%26q%3DMate30,上海 黄浦区
7021428602,遛猴大师,……,101,31404,m,True,数码视频自媒体,https://m.weibo.cn/u/7021428602?uid=7021428602&luicode=10000011&lfid=100103type%3D1%26q%3DMate30,北京
2245158751,互联网技术帝,每天一点点，教你学技术！投稿请私信。关注个人卫星号slzd13,28,298489,m,True,知名搞笑幽默达人,https://m.weibo.cn/u/2245158751?uid=2245158751&luicode=10000011&lfid=100103type%3D1%26q%3DMate30,上海
1751603632,王石头科技,（wangshitou.com）科技数码全视角解读,218,119322,m,True,知名数码博主 头条文章作者 微博签约自媒体,https://m.weibo.cn/u/1751603632?uid=1751603632&luicode=10000011&lfid=100103type%3D1%26q%3DMate30,广东 深圳
1824575681,手中掌握,不正经研究系学长。,391,319217,m,True,知名互联网资讯博主 微博牧场计划合作达人 微博vlog博主,https://m.weibo.cn/u/1824575681?uid=1824575681&luicode=10000011&lfid=100103type%3D1%26q%3DMate30,山东 日照
2679827420,RumorsLYR,有且仅有,215,242,f,False,,https://m.weibo.cn/u/2679827420?uid=2679827420&luicode=10000011&lfid=100103type%3D1%26q%3DMate30,云南 昆明
5784300784,耍猴师,仅仅是耍猴🐒而已，莫怪莫怪,160,14415,f,True,知名互联网资讯博主 数码视频自媒体,https://m.weibo.cn/u/5784300784?uid=5784300784&luicode=10000011&lfid=100103type%3D1%26q%3DMate30,广东
1738877650,数码君,合作请私信联系！商务代理：QQ：2579349049， 电话：17600842753，邮箱imsocial@inmyshow.com,918,3616794,m,True,知名数码博主 微博尤物志合作达人 数码视频自媒体,https://m.weibo.cn/u/1738877650?uid=1738877650&luicode=10000011&lfid=100103type%3D1%26q%3DMate30,广东 深圳
5301512524,gs言,MIDDLE–FINGER UP,278,150,m,False,,https://m.weibo.cn/u/5301512524?uid=5301512524&luicode=10000011&lfid=100103type%3D1%26q%3DMate30,海外 其他
2473558035,CC科技搞机,本CC科技坚持做世界最好的CC用户，我米因CC而美，CC拍下每一个米粉的bili。CC科技搞机，搞机，就得CC科技搞机！,107,149,m,False,,https://m.weibo.cn/u/2473558035?uid=2473558035&luicode=10000011&lfid=100103type%3D1%26q%3DMate30,台湾
1163176900,纪随时,大江东去,56,9060,m,True,知名财经博主,https://m.weibo.cn/u/1163176900?uid=1163176900&luicode=10000011&lfid=100103type%3D1%26q%3DMate30,浙江 宁波
5034901460,老谭电商,一切有为法，如梦幻泡影，如露亦如电，应作如是观。,4938,2020574,m,True,微博2018十大影响力互联网科技大V 知名互联网资讯博主 微博签约自媒体,https://m.weibo.cn/u/5034901460?uid=5034901460&luicode=10000011&lfid=100103type%3D1%26q%3DMate30,江苏 苏州
5722249913,程苏先生,,89,7113,m,False,,https://m.weibo.cn/u/5722249913?uid=5722249913&luicode=10000011&lfid=100103type%3D1%26q%3DMate30,江苏
2863918220,科技九洲君,有事儿请私信，助理QQ 2579349049，联系电话：17600842753，邮箱imsocial@inmyshow.com,905,2338549,m,True,知名数码博主 微博签约自媒体,https://m.weibo.cn/u/2863918220?uid=2863918220&luicode=10000011&lfid=100103type%3D1%26q%3DMate30,安徽 合肥
2184750391,机氪,互联网科技数码自媒体 合作，投稿，爆料请私信,1364,671565,m,True,知名数码博主 头条文章作者 微博签约自媒体,https://m.weibo.cn/u/2184750391?uid=2184750391&luicode=10000011&lfid=100103type%3D1%26q%3DMate30,北京 朝阳区
3030737153,包纸玩机,为人低调的网红小包 助理QQ：2579349049，联系电话：17600842753，邮箱imsocial@inmyshow.com,869,1624405,m,True,知名数码博主 互联网资讯博主 微博签约自媒体,https://m.weibo.cn/u/3030737153?uid=3030737153&luicode=10000011&lfid=100103type%3D1%26q%3DMate30,其他
5143897135,刹那数码,爱生活，爱刹那😛 商务合作+WX：wbvoid1314,770,913826,m,True,知名数码博主 数码视频自媒体,https://m.weibo.cn/u/5143897135?uid=5143897135&luicode=10000011&lfid=100103type%3D1%26q%3DMate30,其他
6270961330,梦到兔女郎学姐,My lord,318,242,m,True,马辉超话小主持人,https://m.weibo.cn/u/6270961330?uid=6270961330&luicode=10000011&lfid=100103type%3D1%26q%3DMate30,江苏
1737992077,杰尼大官人,,1027,13946,m,True,数码博主,https://m.weibo.cn/u/1737992077?uid=1737992077&luicode=10000011&lfid=100103type%3D1%26q%3DMate30,北京 东城区
7184637965,遛猴expert,,394,12341,m,True,峨眉山遛猴办超话小主持人,https://m.weibo.cn/u/7184637965?uid=7184637965&luicode=10000011&lfid=100103type%3D1%26q%3DMate30,广东 深圳
6112889938,喲-----,喔,280,1041,f,False,,https://m.weibo.cn/u/6112889938?uid=6112889938&luicode=10000011&lfid=100103type%3D1%26q%3DMate30,山西 太原
1807812760,移动叔叔,微博知名数码帐号，产品评测请私信联系，商务合作联系QQ：2579349049，电话：17600842753，邮箱imsocial@inmyshow.com,648,1259579,m,True,微博知名数码帐号 微博签约自媒体,https://m.weibo.cn/u/1807812760?uid=1807812760&luicode=10000011&lfid=100103type%3D1%26q%3DMate30,福建 厦门
1752953174,溪溪大人,端起碗吃饭，放下碗骂娘,796,41083,m,True,知名数码博主,https://m.weibo.cn/u/1752953174?uid=1752953174&luicode=10000011&lfid=100103type%3D1%26q%3DMate30,陕西 西安
1880927244,威锋网,全球 iPhone 中文社区-Apple 中文互动媒体。,696,5017759,m,True,威锋网官方微博,https://m.weibo.cn/u/1880927244?uid=1880927244&luicode=10000011&lfid=100103type%3D1%26q%3DMate30,广东 深圳
5213419891,果仁儿科技,QQ：2579349049电话：17600842753，邮箱imsocial@inmyshow.com,386,1976881,m,True,知名数码博主 数码视频自媒体,https://m.weibo.cn/u/5213419891?uid=5213419891&luicode=10000011&lfid=100103type%3D1%26q%3DMate30,广东 深圳
2789080255,魔术师R,玻璃心码字工/视频初拍摄菜鸟/频繁更换手机强迫症患者/段子演说家/烤肉专家级学者/追剧不看最后一集偏执狂/不有趣基因携带者……嗯，我……,643,19293,m,True,简书推荐作者 知名数码博主,https://m.weibo.cn/u/2789080255?uid=2789080255&luicode=10000011&lfid=100103type%3D1%26q%3DMate30,其他
2338641394,科技见闻,"互联网资讯博主、数码视频自媒体（内容及图片来源于网络,侵删）",47,505761,m,False,,https://m.weibo.cn/u/2338641394?uid=2338641394&luicode=10000011&lfid=100103type%3D1%26q%3DMate30,北京
2705514927,长宁光光光头,一个没有感情的小号！人狠话不多！李振宁是底线！,806,684,f,False,,https://m.weibo.cn/u/2705514927?uid=2705514927&luicode=10000011&lfid=100103type%3D1%26q%3DMate30,海外 其他
6250824982,时间视频,北京时间旗下泛资讯短视频平台,764,2943667,m,True,北京时间旗下泛资讯短视频平台,https://m.weibo.cn/u/6250824982?uid=6250824982&luicode=10000011&lfid=100103type%3D1%26q%3DMate30,北京
1997509257,微博数码,,645,3234270,m,True,微博数码官方微博,https://m.weibo.cn/u/1997509257?uid=1997509257&luicode=10000011&lfid=100103type%3D1%26q%3DMate30,北京
5703921756,新智元,智能+中国的资讯社交平台，重点关注人工智能、机器人、大数据、虚拟现实、量子计算、智能医疗等前沿领域发展，领航中国新智能时代。,380,82426,m,True,新智元官方微博,https://m.weibo.cn/u/5703921756?uid=5703921756&luicode=10000011&lfid=100103type%3D1%26q%3DMate30,北京 海淀区
2655326001,移动行业观察,移动互联网行业“第一自媒体”，行业深度观察！,1774,516834,m,True,自媒体移动行业观察,https://m.weibo.cn/u/2655326001?uid=2655326001&luicode=10000011&lfid=100103type%3D1%26q%3DMate30,北京 西城区
5563087612,基地-沙丘,科幻 神秘事件 X档案 科技 科普,1605,15408,m,True,成都智软联科科技有限责任公司,https://m.weibo.cn/u/5563087612?uid=5563087612&luicode=10000011&lfid=100103type%3D1%26q%3DMate30,四川
1641561812,经济观察报,经济观察报社下辖经济观察报、经济观察网、经济观察报IPAD版等子媒体，拥有专业新闻采编力量，为您提供及时、便捷财经信息服务。,919,22721420,m,True,经济观察报官方微博,https://m.weibo.cn/u/1641561812?uid=1641561812&luicode=10000011&lfid=100103type%3D1%26q%3DMate30,北京 东城区
5562559445,捞月狗APP,找妹纸玩游戏，上捞月狗APP,847,48188,f,True,海南捞月狗网络科技有限公司,https://m.weibo.cn/u/5562559445?uid=5562559445&luicode=10000011&lfid=100103type%3D1%26q%3DMate30,上海
1652903123,鲁大师,鲁大师是国内用户量超过一亿的智能硬件评测平台。推出了体验式评测、硬件防护、一键验真机、降温神器、安全换机等功能，独家拥有“机友评论”的交互式评测体系。,552,630802,m,True,成都奇鲁科技有限公司,https://m.weibo.cn/u/1652903123?uid=1652903123&luicode=10000011&lfid=100103type%3D1%26q%3DMate30,四川 成都
5828676220,三易生活,三易生活（3ELife）是有着12年IT垂直网站运营经历的，在2016年4月1日我们开启了这个全新的品牌，关注方向从之前的PC数码，手机和智能硬件，到今天我们的目标已经是广大消费者所越来越关注的泛IT领域。 从智能终端和智能硬件，到互联网生态和各种新兴的IT业态，只要你关注IT，希望用先进的技术实现更美好的生活方式，在三易生活中，你都能在每天实时更新的众多资讯中看到想要的内容。,286,111557,m,True,武汉三易在线商务咨询有限公司,https://m.weibo.cn/u/5828676220?uid=5828676220&luicode=10000011&lfid=100103type%3D1%26q%3DMate30,湖北
2453906472,NILLKIN耐尔金官方微博,耐尔金（NILLKIN）总公司在2009年于深圳成立，是一家集产品创意、工业设计、技术研发、规模化生产、自主营销于一体的专业化时尚3C周边电子产品品牌。,762,67759,m,True,深圳耐尔金科技有限公司官方微博,https://m.weibo.cn/u/2453906472?uid=2453906472&luicode=10000011&lfid=100103type%3D1%26q%3DMate30,广东
2153657544,玩手机,为手机玩家服务，为精品内容而生，有趣、有料、有用，释放手机的快乐生产力。投稿联系QQ/微信：8561803,1395,556689,m,True,《玩手机》杂志官方微博,https://m.weibo.cn/u/2153657544?uid=2153657544&luicode=10000011&lfid=100103type%3D1%26q%3DMate30,北京 朝阳区
5297621980,手机教授平台,100万数码爱好者的聚居地，手机领域最硬核的玩机专家，每天给你带来实用好玩的手机玩法、科普知识，让你告别手机小白。 微信公众号：手机教授（ID：sj9983） 今日头条：手机教授（ID：5790343732）,300,23194,m,True,深圳市百极传媒有限公司,https://m.weibo.cn/u/5297621980?uid=5297621980&luicode=10000011&lfid=100103type%3D1%26q%3DMate30,广东
5447539352,宅数码Kael,MO·小说杂志主编 重度数码爱好者 骨灰宅,494,1034383,m,True,知名数码博主 头条文章作者 微博签约自媒体,https://m.weibo.cn/u/5447539352?uid=5447539352&luicode=10000011&lfid=100103type%3D1%26q%3DMate30,四川 成都
1699428241,Gu大嘴,科技数码知名博主。,762,277148,m,True,知名互联网资讯博主 微博签约自媒体,https://m.weibo.cn/u/1699428241?uid=1699428241&luicode=10000011&lfid=100103type%3D1%26q%3DMate30,浙江
5242156161,摩尔金融,摩尔金融app为A股、港股、美股等市场投资者提供专业的投研服务。平台汇聚3000多位优质撰稿人、20000篇独家投资观点。与投资高手为伍，投资不再难！ 关注公众号 摩尔金融精选，每天深度复盘,1298,583757,m,True,界面旗下互联网金融资讯服务平台,https://m.weibo.cn/u/5242156161?uid=5242156161&luicode=10000011&lfid=100103type%3D1%26q%3DMate30,北京
2659261621,天下网商,记录互联网商业的人物和故事。 天下网商网站：www.iwshang.com,219,362958,m,True,天下网商杂志官方微博,https://m.weibo.cn/u/2659261621?uid=2659261621&luicode=10000011&lfid=100103type%3D1%26q%3DMate30,浙江 杭州
2561744167,数码疯报,专注于手机、数码、互联网、电商，商务Q 2579349049，联系电话：17600842753，邮箱imsocial@inmyshow.com。,1595,1452915,m,True,知名数码博主 数码疯报创始人 微博签约自媒体,https://m.weibo.cn/u/2561744167?uid=2561744167&luicode=10000011&lfid=100103type%3D1%26q%3DMate30,西藏 那曲
3769804445,柏铭007,撰稿人。工作请私信,1049,405438,m,True,知名互联网资讯博主 微博签约自媒体,https://m.weibo.cn/u/3769804445?uid=3769804445&luicode=10000011&lfid=100103type%3D1%26q%3DMate30,广东
5724392503,潜龙爆笑,看社会万象，说草民琐事！！,3470,245988,m,True,知名搞笑幽默博主 搞笑视频自媒体,https://m.weibo.cn/u/5724392503?uid=5724392503&luicode=10000011&lfid=100103type%3D1%26q%3DMate30,浙江
1197863207,袁国宝,资深媒体人、知名评论人、畅销书作家、新媒体营销和品牌专家、网红经济第一人！商业合作 请联系：QQ：86506946 手机：15801585551；微信公号：袁国宝,1850,3092487,m,True,NewMedia新媒体联盟创始人、资深媒体人、知名评论人 微博签约自媒体,https://m.weibo.cn/u/1197863207?uid=1197863207&luicode=10000011&lfid=100103type%3D1%26q%3DMate30,北京
1353923294,Geek_Cao,降温学。 微博言论仅代表个人，与某企业无关。,992,278763,m,True,知名数码博主 数码视频自媒体 微博签约自媒体,https://m.weibo.cn/u/1353923294?uid=1353923294&luicode=10000011&lfid=100103type%3D1%26q%3DMate30,陕西 西安
5348926266,人力学苑,爱聊职场的小HR，社保公积金啥的可以问我哦！,102,385,f,True,头条文章作者,https://m.weibo.cn/u/5348926266?uid=5348926266&luicode=10000011&lfid=100103type%3D1%26q%3DMate30,北京 东城区
2767624695,龙猪-集车,汽车体验师,134,291354,m,True,知名汽车博主 汽车达人 汽车视频自媒体,https://m.weibo.cn/u/2767624695?uid=2767624695&luicode=10000011&lfid=100103type%3D1%26q%3DMate30,上海 嘉定区
5603216056,硬科技头条,资讯、爆料、评测，科技数码全能型，偶尔开开车 | 合作请私信。,338,486666,m,True,知名数码博主,https://m.weibo.cn/u/5603216056?uid=5603216056&luicode=10000011&lfid=100103type%3D1%26q%3DMate30,福建 福州
2431835585,阁下大理寺少卿,星星  风  阳光 柯基 还有爱情,702,1730,m,False,,https://m.weibo.cn/u/2431835585?uid=2431835585&luicode=10000011&lfid=100103type%3D1%26q%3DMate30,广东
6085757647,科技万事通,微博科技综合视频账号,50,102234,m,True,微博泛科普视频自媒体,https://m.weibo.cn/u/6085757647?uid=6085757647&luicode=10000011&lfid=100103type%3D1%26q%3DMate30,北京
3306735011,科技大脸猫,数码,2887,48802,m,True,知名数码博主,https://m.weibo.cn/u/3306735011?uid=3306735011&luicode=10000011&lfid=100103type%3D1%26q%3DMate30,辽宁
3610415015,科技小公举,数码热爱狂欢者,896,352366,m,True,知名数码博主 微博牧场计划合作达人 微博vlog博主 数码视频自媒体 微博签约自媒体,https://m.weibo.cn/u/3610415015?uid=3610415015&luicode=10000011&lfid=100103type%3D1%26q%3DMate30,四川 成都
1891330474,IT时报,第一海派科技互联网媒体，少数还坚持内容为王的一群人。 版权申明：坚持原创、正版，如果有版权事宜，请后台联系微博编辑,480,928761,m,True,《IT时报》官方微博,https://m.weibo.cn/u/1891330474?uid=1891330474&luicode=10000011&lfid=100103type%3D1%26q%3DMate30,上海 黄浦区
6393062673,搞机训猴打读牲师,,894,1278,m,True,数码视频自媒体,https://m.weibo.cn/u/6393062673?uid=6393062673&luicode=10000011&lfid=100103type%3D1%26q%3DMate30,其他
5334278463,隔壁老王爱搞机,无,409,118896,m,True,数码博主 微博签约自媒体,https://m.weibo.cn/u/5334278463?uid=5334278463&luicode=10000011&lfid=100103type%3D1%26q%3DMate30,海外 其他
5754873400,吐槽科技君,数码爱好者 新机测评师 专注科技 互联网,115,5481071,m,True,知名数码博主 头条文章作者 微博签约自媒体,https://m.weibo.cn/u/5754873400?uid=5754873400&luicode=10000011&lfid=100103type%3D1%26q%3DMate30,广东
5631482854,水哥爱搞机,科技数码很正经，人不知道…,393,128536,m,True,掌玩科技研发中心主编 知名数码博主 头条文章作者 微博签约自媒体,https://m.weibo.cn/u/5631482854?uid=5631482854&luicode=10000011&lfid=100103type%3D1%26q%3DMate30,其他
1850808585,勇气先生,不知名数码博主，出出视频，写写评测,2108,348899,m,True,知名数码博主 新鲜事作者 头条文章作者 微博签约自媒体,https://m.weibo.cn/u/1850808585?uid=1850808585&luicode=10000011&lfid=100103type%3D1%26q%3DMate30,河南 郑州
1070385670,靠脸吃饭的老哥哥,好吧，我只能承认头像就是本人~,216,734,m,False,,https://m.weibo.cn/u/1070385670?uid=1070385670&luicode=10000011&lfid=100103type%3D1%26q%3DMate30,河南 驻马店
1902720167,科技小馒头,馒头是我家狗狗的名字，嘿嘿,268,442872,m,True,知名数码博主 微博vlog博主 数码视频自媒体,https://m.weibo.cn/u/1902720167?uid=1902720167&luicode=10000011&lfid=100103type%3D1%26q%3DMate30,北京 朝阳区
5978746720,梦尘光宇,手机，互联网，电子竞技，佛系三栖博主,778,31215,m,True,知名数码博主 梦尘光宇超话主持人,https://m.weibo.cn/u/5978746720?uid=5978746720&luicode=10000011&lfid=100103type%3D1%26q%3DMate30,安徽 合肥
1974514450,一枚搞机的原子弹,手机测评、资讯达人。巨蟹座，爱充满设计感的手机。怀一颗敬畏欣赏之心，待每款用心之产品。I'm Joe the Great.,1992,1227297,m,True,知名数码博主 微博签约自媒体,https://m.weibo.cn/u/1974514450?uid=1974514450&luicode=10000011&lfid=100103type%3D1%26q%3DMate30,广东 珠海
5188966528,手机趣聊,手机总司令，带你体验不同的手机趣事,103,612,m,True,头条文章作者,https://m.weibo.cn/u/5188966528?uid=5188966528&luicode=10000011&lfid=100103type%3D1%26q%3DMate30,广东 广州
6990717625,红果红帽子,一杯红茶水！,339,99,f,False,,https://m.weibo.cn/u/6990717625?uid=6990717625&luicode=10000011&lfid=100103type%3D1%26q%3DMate30,北京
3932471637,花生说-,一只懒狗,265,28454,m,True,知名数码博主,https://m.weibo.cn/u/3932471637?uid=3932471637&luicode=10000011&lfid=100103type%3D1%26q%3DMate30,辽宁 沈阳
3312472577,科技客,不想做好人，只想做俗人,2248,201143,m,True,数码博主 微博尤物志合作达人 微博vlog博主,https://m.weibo.cn/u/3312472577?uid=3312472577&luicode=10000011&lfid=100103type%3D1%26q%3DMate30,重庆 渝中区
5265075930,流霜之华_,永远自由,161,3258,m,True,知名时尚博主 微博故事原创作者 数码视频自媒体,https://m.weibo.cn/u/5265075930?uid=5265075930&luicode=10000011&lfid=100103type%3D1%26q%3DMate30,浙江 杭州
1883944865,云端小牛牛,一个被法律行业耽误的搞笑博主,379,1092,f,False,,https://m.weibo.cn/u/1883944865?uid=1883944865&luicode=10000011&lfid=100103type%3D1%26q%3DMate30,其他
2898114715,叼叼同学,关注我 找我领福利。妥妥的👌👌👏,257,18213,m,True,数码博主 头条文章作者,https://m.weibo.cn/u/2898114715?uid=2898114715&luicode=10000011&lfid=100103type%3D1%26q%3DMate30,重庆
1967280501,科技小天,科技数码分享，纯属个人爱好！,1125,56784,m,True,数码博主,https://m.weibo.cn/u/1967280501?uid=1967280501&luicode=10000011&lfid=100103type%3D1%26q%3DMate30,北京
1784374422,最快头条,专业客观 请多关照,193,3065,m,False,,https://m.weibo.cn/u/1784374422?uid=1784374422&luicode=10000011&lfid=100103type%3D1%26q%3DMate30,其他
2170291492,探员四十七,「科技真探社」运营人，一心一意为我们的内容用户提供，真实、具体、不抽象的科技产品信息。,196,13137,m,True,数码博主 头条文章作者,https://m.weibo.cn/u/2170291492?uid=2170291492&luicode=10000011&lfid=100103type%3D1%26q%3DMate30,北京 东城区
1677177940,充电头网,充电，我是认真的。 设备需充电，人生要Charge。,371,221123,f,True,充电头网 www.chongdiantou.com 官方微博,https://m.weibo.cn/u/1677177940?uid=1677177940&luicode=10000011&lfid=100103type%3D1%26q%3DMate30,广东 深圳
5553369096,猫娘科技,其实哪儿有什么不食人间烟火。 爱美食爱生活，爱下厨也爱旅行。 远方的诗和人间烟火，我都爱。,13,4760,f,True,头条文章作者,https://m.weibo.cn/u/5553369096?uid=5553369096&luicode=10000011&lfid=100103type%3D1%26q%3DMate30,其他
5199573267,从你的世界擦肩,你想看的，你想知道的，你想了解的这里都有。,333,62484,f,True,数码博主 今日头条超话小主持人 头条文章作者,https://m.weibo.cn/u/5199573267?uid=5199573267&luicode=10000011&lfid=100103type%3D1%26q%3DMate30,上海 黄浦区
5893274789,文化产业新闻官微,关注文化产业新闻，精彩文产资讯实时掌握。,165,700,f,False,,https://m.weibo.cn/u/5893274789?uid=5893274789&luicode=10000011&lfid=100103type%3D1%26q%3DMate30,山东 济南
2022252207,小白测评,不客观 真体验,193,1580126,m,True,小白测评工作室创始人 微博vlog博主 知名数码博主 数码视频自媒体,https://m.weibo.cn/u/2022252207?uid=2022252207&luicode=10000011&lfid=100103type%3D1%26q%3DMate30,湖北
5403949541,余光看数码,专注于数码新鲜资讯与手机评测。,325,30075,m,True,知名数码博主 数码超话小主持人 头条文章作者,https://m.weibo.cn/u/5403949541?uid=5403949541&luicode=10000011&lfid=100103type%3D1%26q%3DMate30,北京
6073700464,幸福是单纯,为了知道很更多，就得探索更多,80,38,m,False,,https://m.weibo.cn/u/6073700464?uid=6073700464&luicode=10000011&lfid=100103type%3D1%26q%3DMate30,广东
6430844394,九号就是不弹钢琴,但行好事，莫问前程,156,101,m,False,,https://m.weibo.cn/u/6430844394?uid=6430844394&luicode=10000011&lfid=100103type%3D1%26q%3DMate30,江苏
1205464892,摄影师史艺,摄影一级技师；山东省摄影家协会会员；史老师摄影讲堂堂主；,1936,1361,m,True, 摄影师 史艺 头条文章作者,https://m.weibo.cn/u/1205464892?uid=1205464892&luicode=10000011&lfid=100103type%3D1%26q%3DMate30,山东 济南
1848218105,钢的王十二,我不能保证中立，但保证理性与客观，这大概是我不能见容与敌人也不能见容于友军的根本原因，也是我观点能够为敌军与友军都接受的根本原因,411,42773,m,True,微博签约自媒体,https://m.weibo.cn/u/1848218105?uid=1848218105&luicode=10000011&lfid=100103type%3D1%26q%3DMate30,其他
3916853512,杭州滨江怡帆风顺,,263,164,m,False,,https://m.weibo.cn/u/3916853512?uid=3916853512&luicode=10000011&lfid=100103type%3D1%26q%3DMate30,浙江 杭州
6144136192,圣西罗de徐先生,喜欢长春亚泰和AC米兰以及英雄联盟老干爹战队的一枚帅锅哈哈哈,53,53,m,False,,https://m.weibo.cn/u/6144136192?uid=6144136192&luicode=10000011&lfid=100103type%3D1%26q%3DMate30,北京
1400965327,赶着脚走,头条【拳攻拳守】华为海外视频速递,121,2466,m,False,,https://m.weibo.cn/u/1400965327?uid=1400965327&luicode=10000011&lfid=100103type%3D1%26q%3DMate30,辽宁 锦州
6298636411,加油奔向2025,生如夏花之绚烂，死若秋叶之静美。,453,127,m,False,,https://m.weibo.cn/u/6298636411?uid=6298636411&luicode=10000011&lfid=100103type%3D1%26q%3DMate30,江苏 南京
1470566153,老莫真心话,知名投资人、通信互联网专家，媒体人,503,106762,m,True,虚拟运营商发展中心研究员 知名互联网资讯博主 微博签约自媒体,https://m.weibo.cn/u/1470566153?uid=1470566153&luicode=10000011&lfid=100103type%3D1%26q%3DMate30,北京 海淀区
2424002213,青岛西海岸幸福,还算年轻，喜欢足球，富有正义感，生活态度积极向上。对待朋友两肋插刀！,2788,626,m,False,,https://m.weibo.cn/u/2424002213?uid=2424002213&luicode=10000011&lfid=100103type%3D1%26q%3DMate30,山东 青岛
6124174560,好好先森1973,时光穿梭我们不在左右而在彼此之中,177,195,m,False,,https://m.weibo.cn/u/6124174560?uid=6124174560&luicode=10000011&lfid=100103type%3D1%26q%3DMate30,香港
3645472467,科技有意思,不独立，不客观，看心情，个人言论 微信号：kejiyouyisi10086,1597,1087344,m,True,知名数码博主,https://m.weibo.cn/u/3645472467?uid=3645472467&luicode=10000011&lfid=100103type%3D1%26q%3DMate30,上海
2884361740,UGREEN绿联,绿联科技是集数码配件、充电设备等产品的自主研发、设计、生产、销售于一体的国家级高新技术企业。公司以追求用户的极致体验为出发点，生产出了一系列独具绿联风格的优秀产品。产品以“Ugreen绿联”品牌背书行销全球大部分国家和地区，并且在亚洲和欧美市场累积了良好的口碑。,1220,89602,m,True,深圳市绿联科技有限公司,https://m.weibo.cn/u/2884361740?uid=2884361740&luicode=10000011&lfid=100103type%3D1%26q%3DMate30,广东
2642996925,萌栗子_,科技博主、摄影博主、汽车博主( ´ ▽ ` )ﾉ✧,849,31643,m,True,数码博主 数码视频自媒体,https://m.weibo.cn/u/2642996925?uid=2642996925&luicode=10000011&lfid=100103type%3D1%26q%3DMate30,北京 朝阳区
1694345933,B·WONG,不知名草民,179,12547,m,True,知名数码博主,https://m.weibo.cn/u/1694345933?uid=1694345933&luicode=10000011&lfid=100103type%3D1%26q%3DMate30,广东
6223134917,回忆-曾经的那个你,数码博主，手机,1626,1664,m,False,,https://m.weibo.cn/u/6223134917?uid=6223134917&luicode=10000011&lfid=100103type%3D1%26q%3DMate30,广东 肇庆
1879480442,苦恨春风久不归,数码宝贝究极进化！〔每日分享a雷小课堂〕,167,673,m,False,,https://m.weibo.cn/u/1879480442?uid=1879480442&luicode=10000011&lfid=100103type%3D1%26q%3DMate30,宁夏 银川
6204067367,西操野球王说数码,一起来搞机啊！,84,511,m,True,头条文章作者,https://m.weibo.cn/u/6204067367?uid=6204067367&luicode=10000011&lfid=100103type%3D1%26q%3DMate30,重庆
6397369873,Galaxy_Leisurely逸,主观独立,468,849,m,True,知名数码博主 三星超话小主持人 头条文章作者,https://m.weibo.cn/u/6397369873?uid=6397369873&luicode=10000011&lfid=100103type%3D1%26q%3DMate30,四川 广安
1730536307,智友君,安智旗下互动媒体-智友社区,597,37792,m,True,智友社区官方微博,https://m.weibo.cn/u/1730536307?uid=1730536307&luicode=10000011&lfid=100103type%3D1%26q%3DMate30,北京
6587004913,科技坚果,一个有趣的数码博主。,212,205698,f,True,知名数码博主,https://m.weibo.cn/u/6587004913?uid=6587004913&luicode=10000011&lfid=100103type%3D1%26q%3DMate30,北京
6315616897,Z科技小白,存在即合理🌵,150,258,m,True,Z科技超话主持人,https://m.weibo.cn/u/6315616897?uid=6315616897&luicode=10000011&lfid=100103type%3D1%26q%3DMate30,山东
1273802294,科技六动,网络设备超级玩家，手机数码测评摄影，智能家电内测撰稿人。,1072,123974,m,True,知名数码博主 新浪众测达人，网络工程师 头条文章作者,https://m.weibo.cn/u/1273802294?uid=1273802294&luicode=10000011&lfid=100103type%3D1%26q%3DMate30,广东 深圳
5513587412,我最温暖的光,世界很美好 我会一直努力,318,133,f,False,,https://m.weibo.cn/u/5513587412?uid=5513587412&luicode=10000011&lfid=100103type%3D1%26q%3DMate30,
